row,fold
1,train
2,train
3,train
4,train
5,train
6,train
7,train
8,train
9,test
10,test
11,train
12,train
13,train
14,test
15,train
16,train
17,train
18,train
19,train
20,train
21,train
22,train
23,train
24,train
25,train
26,train
27,train
28,test
29,train
30,train
31,train
32,train
33,train
34,train
35,train
36,train
37,train
38,test
39,test
40,test
41,test
42,train
43,train
44,train
45,train
46,train
47,train
48,train
49,train
50,train
51,train
52,train
53,train
54,train
55,train
56,train
57,train
58,train
59,train
60,train
61,test
62,train
63,train
64,train
65,train
66,train
67,train
68,test
69,train
70,test
71,train
72,train
73,test
74,train
75,train
76,train
77,train
78,train
79,train
80,train
81,train
82,test
83,train
84,train
85,train
86,train
87,train
88,train
89,train
90,train
91,train
92,train
93,train
94,train
95,train
96,train
97,train
98,train
99,train
100,train
101,test
102,test
103,train
104,train
105,train
106,test
107,train
108,train
109,train
110,test
111,test
112,train
113,train
114,train
115,train
116,train
117,train
118,train
119,train
120,train
121,train
122,train
123,train
124,train
125,train
126,train
127,test
128,train
129,train
130,test
131,test
132,train
133,train
134,train
135,test
136,test
137,train
138,train
139,train
140,train
141,train
142,train
143,test
144,train
145,train
146,train
147,train
148,train
149,train
150,train
151,train
152,train
153,train
154,train
155,train
156,train
157,test
158,test
159,train
160,train
161,train
162,train
163,test
164,train
165,train
166,test
167,train
168,train
169,train
170,train
171,test
172,train
173,train
174,train
175,train
176,train
177,train
178,train
179,train
180,test
181,train
182,train
183,train
184,train
185,test
186,train
187,train
188,train
189,train
190,train
191,test
192,train
193,train
194,train
195,train
196,train
197,train
198,train
199,train
200,train
201,train
202,test
203,train
204,train
205,train
206,train
207,test
208,train
209,train
210,train
211,train
212,test
213,test
214,test
215,train
216,train
217,train
218,test
219,train
220,train
221,train
222,test
223,train
224,train
225,train
226,train
227,train
228,train
229,train
230,train
231,train
232,train
233,train
234,train
235,train
236,train
237,train
238,test
239,train
240,train
241,train
242,train
243,test
244,train
245,train
246,train
247,train
248,train
249,train
250,train
251,train
252,train
253,train
254,test
255,train
256,train
257,train
258,train
259,train
260,train
261,train
262,train
263,train
264,train
265,test
266,train
267,train
268,train
269,train
270,test
271,train
272,train
273,train
274,train
275,test
276,train
277,train
278,test
279,train
280,train
281,train
282,train
283,train
284,train
285,train
286,train
287,train
288,test
289,train
290,train
291,train
292,train
293,train
294,train
295,train
296,test
297,train
298,train
299,test
300,train
301,train
302,train
303,train
304,train
305,train
306,train
307,train
308,train
309,test
310,train
311,test
312,train
313,train
314,train
315,train
316,test
317,train
318,train
319,test
320,test
321,train
322,train
323,train
324,train
325,train
326,test
327,train
328,train
329,train
330,train
331,test
332,test
333,train
334,train
335,train
336,train
337,train
338,train
339,test
340,train
341,train
342,train
343,train
344,test
345,train
346,train
347,train
348,train
349,train
350,train
351,train
352,train
353,train
354,train
355,test
356,train
357,test
358,train
359,train
360,train
361,train
362,train
363,train
364,train
365,train
366,train
367,train
368,test
369,train
370,train
371,train
372,train
373,train
374,train
375,train
376,train
377,test
378,test
379,train
380,train
381,train
382,test
383,train
384,train
385,train
386,train
387,train
388,train
389,test
390,train
391,train
392,test
393,train
394,train
395,train
396,test
397,train
398,train
399,train
400,train
401,train
402,test
403,train
404,test
405,train
406,train
407,train
408,train
409,train
410,train
411,train
412,train
413,test
414,train
415,test
416,train
417,train
418,train
419,train
420,train
421,train
422,test
423,train
424,test
425,train
426,train
427,test
428,train
429,train
430,train
431,train
432,train
433,train
434,train
435,train
436,train
437,train
438,train
439,train
440,test
441,train
442,test
443,train
444,train
445,train
446,train
447,train
448,train
449,train
450,test
451,train
452,train
453,train
454,train
455,test
456,test
457,train
458,train
459,test
460,train
461,train
462,train
463,train
464,train
465,train
466,train
467,train
468,train
469,train
470,train
471,train
472,train
473,train
474,train
475,train
476,test
477,train
478,train
479,train
480,test
481,train
482,test
483,train
484,test
485,train
486,train
487,train
488,train
489,test
490,train
491,test
492,test
493,train
494,train
495,train
496,train
497,test
498,train
499,train
500,train
501,test
502,test
503,train
504,train
505,test
506,train
507,train
508,train
509,train
510,train
511,train
512,test
513,train
514,train
515,train
516,train
517,train
518,train
519,train
520,train
521,train
522,train
523,train
524,train
525,train
526,train
527,train
528,train
529,train
530,train
531,train
532,train
533,train
534,train
535,train
536,train
537,train
538,train
539,train
540,train
541,train
542,train
543,train
544,test
545,train
546,train
547,train
548,train
549,train
550,test
551,train
552,train
553,train
554,test
555,train
556,test
557,test
558,train
559,test
560,test
561,test
562,test
563,train
564,test
565,train
566,train
567,train
568,train
569,train
570,test
571,train
572,train
573,train
574,test
575,train
576,train
577,train
578,test
579,train
580,train
581,train
582,test
583,train
584,train
585,test
586,train
587,train
588,train
589,train
590,train
591,train
592,train
593,train
594,test
595,test
596,train
597,train
598,train
599,train
600,train
601,test
602,test
603,train
604,test
605,train
606,train
607,test
608,train
609,train
610,train
611,train
612,train
613,train
614,train
615,train
616,train
617,train
618,test
619,test
620,test
621,train
622,train
623,train
624,train
625,train
626,train
627,train
628,test
629,train
630,train
631,train
632,train
633,train
634,train
635,train
636,train
637,train
638,train
639,train
640,train
641,train
642,train
643,train
644,test
645,test
646,train
647,test
648,train
649,test
650,train
651,train
652,train
653,train
654,train
655,train
656,train
657,test
658,test
659,test
660,test
661,train
662,train
663,train
664,train
665,test
666,train
667,train
668,train
669,train
670,train
671,train
672,train
673,train
674,train
675,train
676,train
677,train
678,train
679,train
680,train
681,train
682,test
683,train
684,train
685,train
686,test
687,train
688,train
689,test
690,test
691,train
692,train
693,train
694,test
695,train
696,train
697,train
698,train
699,train
700,train
701,train
702,train
703,train
704,train
705,train
706,train
707,test
708,test
709,train
710,train
711,train
712,test
713,train
714,test
715,test
716,train
717,train
718,train
719,train
720,train
721,train
722,train
723,train
724,train
725,train
726,train
727,train
728,train
729,train
730,train
731,test
732,test
733,test
734,train
735,train
736,train
737,train
738,train
739,train
740,train
741,test
742,test
743,train
744,train
745,train
746,train
747,test
748,train
749,train
750,train
751,train
752,train
753,train
754,train
755,train
756,test
757,train
758,train
759,train
760,test
761,train
762,train
763,train
764,train
765,test
766,train
767,test
768,test
769,test
770,test
771,train
772,train
773,train
774,train
775,train
776,train
777,train
778,train
779,train
780,train
781,train
782,train
783,train
784,train
785,test
786,train
787,test
788,train
789,train
790,train
791,train
792,train
793,train
794,train
795,train
796,train
797,train
798,train
799,train
800,train
801,train
802,train
803,train
804,train
805,train
806,test
807,train
808,train
809,train
810,train
811,train
812,train
813,train
814,test
815,train
816,train
817,test
818,train
819,train
820,test
821,test
822,train
823,train
824,train
825,test
826,test
827,train
828,test
829,test
830,train
831,train
832,train
833,test
834,train
835,train
836,test
837,train
838,train
839,train
840,train
841,test
842,train
843,train
844,train
845,train
846,train
847,train
848,train
849,test
850,train
851,train
852,test
853,train
854,train
855,train
856,train
857,train
858,train
859,train
860,test
861,train
862,train
863,train
864,train
865,train
866,test
867,train
868,train
869,test
870,train
871,train
872,train
873,train
874,train
875,train
876,train
877,train
878,train
879,test
880,train
881,train
882,train
883,train
884,test
885,train
886,train
887,train
888,train
889,train
890,train
891,train
892,train
893,train
894,train
895,train
896,test
897,test
898,train
899,train
900,train
901,train
902,train
903,train
904,train
905,train
906,train
907,train
908,train
909,train
910,train
911,train
912,train
913,train
914,train
915,train
916,train
917,train
918,train
919,test
920,test
921,train
922,train
923,train
924,train
925,train
926,train
927,train
928,train
929,train
930,train
931,train
932,train
933,test
934,train
935,train
936,test
937,train
938,train
939,train
940,train
941,train
942,train
943,train
944,train
945,train
946,train
947,test
948,train
949,train
950,train
951,train
952,train
953,train
954,train
955,test
956,train
957,train
958,train
959,train
960,train
961,train
962,train
963,train
964,train
965,train
966,train
967,train
968,train
969,train
970,train
971,train
972,train
973,train
974,train
975,test
976,train
977,train
978,train
979,train
980,train
981,train
982,test
983,train
984,train
985,train
986,train
987,train
988,test
989,train
990,train
991,train
992,train
993,test
994,train
995,train
996,test
997,test
998,train
999,test
1000,train
1001,train
1002,train
1003,train
1004,train
1005,train
1006,train
1007,train
1008,train
1009,train
1010,train
1011,train
1012,train
1013,train
1014,train
1015,train
1016,train
1017,train
1018,test
1019,train
1020,test
1021,train
1022,train
1023,train
1024,train
1025,train
1026,train
1027,test
1028,train
1029,train
1030,train
1031,train
1032,train
1033,train
1034,train
1035,train
1036,train
1037,train
1038,train
1039,train
1040,train
1041,train
1042,train
1043,test
1044,train
1045,train
1046,train
1047,test
1048,train
1049,train
1050,train
1051,test
1052,train
1053,train
1054,train
1055,train
1056,train
1057,test
1058,train
1059,test
1060,train
1061,train
1062,train
1063,train
1064,test
1065,test
1066,train
1067,train
1068,train
1069,train
1070,train
1071,train
1072,train
1073,train
1074,train
1075,train
1076,test
1077,train
1078,train
1079,train
1080,train
1081,train
1082,train
1083,train
1084,train
1085,train
1086,train
1087,train
1088,train
1089,train
1090,test
1091,train
1092,train
1093,train
1094,train
1095,train
1096,train
1097,train
1098,test
1099,train
1100,test
1101,train
1102,train
1103,train
1104,train
1105,train
1106,train
1107,train
1108,train
1109,train
1110,train
1111,train
1112,train
1113,train
1114,test
1115,test
1116,train
1117,test
1118,train
1119,test
1120,train
1121,train
1122,train
1123,train
1124,train
1125,train
1126,train
1127,train
1128,train
1129,test
1130,train
1131,train
1132,train
1133,test
1134,train
1135,train
1136,train
1137,train
1138,train
1139,test
1140,test
1141,train
1142,test
1143,train
1144,test
1145,train
1146,train
1147,train
1148,train
1149,test
1150,train
1151,train
1152,test
1153,train
1154,train
1155,train
1156,train
1157,train
1158,train
1159,test
1160,test
1161,train
1162,train
1163,test
1164,train
1165,train
1166,train
1167,train
1168,train
1169,test
1170,train
1171,train
1172,test
1173,train
1174,train
1175,train
1176,train
1177,train
1178,train
1179,train
1180,train
1181,train
1182,test
1183,train
1184,train
1185,test
1186,train
1187,train
1188,train
1189,train
1190,train
1191,train
1192,train
1193,test
1194,train
1195,train
1196,train
1197,train
1198,train
1199,train
1200,test
1201,train
1202,test
1203,train
1204,train
1205,train
1206,train
1207,train
1208,train
1209,test
1210,train
1211,test
1212,test
1213,test
1214,test
1215,train
1216,test
1217,train
1218,train
1219,train
1220,test
1221,train
1222,train
1223,train
1224,test
1225,test
1226,train
1227,train
1228,train
1229,train
1230,train
1231,train
1232,train
1233,train
1234,train
1235,train
1236,train
1237,train
1238,train
1239,train
1240,train
1241,train
1242,train
1243,train
1244,train
1245,train
1246,train
1247,train
1248,train
1249,train
1250,test
1251,test
1252,test
1253,train
1254,train
1255,train
1256,test
1257,test
1258,train
1259,train
1260,train
1261,test
1262,train
1263,test
1264,train
1265,train
1266,test
1267,train
1268,train
1269,train
1270,test
1271,train
1272,train
1273,test
1274,train
1275,train
1276,train
1277,train
1278,train
1279,train
1280,train
1281,train
1282,train
1283,train
1284,train
1285,train
1286,train
1287,test
1288,test
1289,train
1290,train
1291,test
1292,train
1293,train
1294,train
1295,train
1296,test
1297,test
1298,train
1299,train
1300,train
1301,train
1302,train
1303,train
1304,train
1305,train
1306,train
1307,train
1308,train
1309,test
1310,test
1311,train
1312,train
1313,train
1314,train
1315,train
1316,train
1317,train
1318,train
1319,train
1320,train
1321,test
1322,train
1323,test
1324,test
1325,train
1326,train
1327,train
1328,train
1329,test
1330,test
1331,train
1332,train
1333,test
1334,train
1335,test
1336,train
1337,train
1338,train
1339,train
1340,train
1341,train
1342,train
1343,test
1344,train
1345,train
1346,train
1347,train
1348,train
1349,train
1350,test
1351,test
1352,train
1353,test
1354,train
1355,train
1356,train
1357,train
1358,test
1359,test
1360,test
1361,test
1362,train
1363,train
1364,train
1365,train
1366,train
1367,train
1368,train
1369,train
1370,test
1371,test
1372,train
1373,train
1374,train
1375,test
1376,train
1377,test
1378,train
1379,train
1380,train
1381,train
1382,train
1383,train
1384,train
1385,test
1386,train
1387,train
1388,train
1389,train
1390,train
1391,train
1392,train
1393,test
1394,test
1395,train
1396,test
1397,train
1398,test
1399,test
1400,train
1401,train
1402,train
1403,test
1404,test
1405,train
1406,train
1407,train
1408,train
1409,train
1410,train
1411,train
1412,train
1413,test
1414,test
1415,train
1416,train
1417,train
1418,test
1419,train
1420,train
1421,train
1422,train
1423,train
1424,train
1425,train
1426,train
1427,train
1428,train
1429,train
1430,train
1431,train
1432,train
1433,train
1434,train
1435,test
1436,train
1437,train
1438,train
1439,train
1440,train
1441,train
1442,test
1443,train
1444,train
1445,test
1446,train
1447,train
1448,train
1449,train
1450,train
1451,test
1452,train
1453,test
1454,train
1455,test
1456,train
1457,test
1458,test
1459,train
1460,train
1461,train
1462,test
1463,train
1464,train
1465,train
1466,train
1467,train
1468,test
1469,train
1470,train
1471,train
1472,test
1473,train
1474,train
1475,train
1476,test
1477,train
1478,train
1479,test
1480,train
1481,train
1482,train
1483,test
1484,train
1485,train
1486,train
1487,train
1488,test
1489,train
1490,train
1491,test
1492,train
1493,train
1494,test
1495,train
1496,test
1497,train
1498,test
1499,train
1500,train
1501,train
1502,train
1503,train
1504,train
1505,test
1506,train
1507,train
1508,train
1509,train
1510,train
1511,train
1512,train
1513,train
1514,train
1515,train
1516,train
1517,train
1518,train
1519,test
1520,train
1521,train
1522,train
1523,train
1524,train
1525,test
1526,train
1527,train
1528,train
1529,train
1530,train
1531,test
1532,train
1533,train
1534,train
1535,train
1536,test
1537,train
1538,test
1539,train
1540,train
1541,train
1542,train
1543,test
1544,train
1545,train
1546,train
1547,train
1548,train
1549,train
1550,test
1551,train
1552,train
1553,train
1554,train
1555,train
1556,train
1557,test
1558,test
1559,test
1560,train
1561,train
1562,test
1563,train
1564,train
1565,train
1566,train
1567,train
1568,test
1569,train
1570,train
1571,train
1572,train
1573,train
1574,train
1575,train
1576,train
1577,train
1578,train
1579,train
1580,train
1581,train
1582,train
1583,test
1584,test
1585,train
1586,train
1587,train
1588,train
1589,train
1590,train
1591,train
1592,train
1593,train
1594,train
1595,train
1596,test
1597,train
1598,train
1599,train
1600,train
1601,train
1602,train
1603,train
1604,train
1605,train
1606,train
1607,test
1608,test
1609,test
1610,train
1611,train
1612,train
1613,test
1614,train
1615,train
1616,train
1617,train
1618,train
1619,train
1620,train
1621,test
1622,train
1623,train
1624,train
1625,train
1626,train
1627,train
1628,train
1629,train
1630,test
1631,train
1632,train
1633,train
1634,train
1635,train
1636,train
1637,train
1638,train
1639,test
1640,train
1641,train
1642,test
1643,test
1644,train
1645,train
1646,train
1647,train
1648,train
1649,train
1650,train
1651,train
1652,test
1653,test
1654,test
1655,train
1656,test
1657,train
1658,train
1659,train
1660,train
1661,train
1662,train
1663,train
1664,train
1665,train
1666,train
1667,train
1668,train
1669,train
1670,test
1671,train
1672,train
1673,train
1674,test
1675,train
1676,train
1677,train
1678,test
1679,train
1680,train
1681,test
1682,train
1683,train
1684,train
1685,test
1686,train
1687,train
1688,train
1689,train
1690,train
1691,train
1692,test
1693,test
1694,train
1695,train
1696,train
1697,test
1698,train
1699,train
1700,train
1701,train
1702,test
1703,train
1704,train
1705,test
1706,train
1707,train
1708,train
1709,train
1710,train
1711,train
1712,train
1713,test
1714,test
1715,train
1716,train
1717,train
1718,train
1719,train
1720,train
1721,train
1722,train
1723,train
1724,train
1725,train
1726,train
1727,test
1728,train
1729,train
1730,train
1731,train
1732,train
1733,train
1734,test
1735,test
1736,train
1737,train
1738,train
1739,train
1740,train
1741,test
1742,test
1743,test
1744,train
1745,train
1746,train
1747,train
1748,train
1749,train
1750,train
1751,test
1752,train
1753,test
1754,test
1755,train
1756,train
1757,train
1758,test
1759,train
1760,train
1761,train
1762,train
1763,train
1764,train
1765,train
1766,train
1767,train
1768,test
1769,train
1770,test
1771,test
1772,train
1773,train
1774,test
1775,train
1776,train
1777,test
1778,test
1779,test
1780,train
1781,train
1782,train
1783,train
1784,test
1785,test
1786,train
1787,train
1788,test
1789,train
1790,train
1791,train
1792,train
1793,test
1794,test
1795,train
1796,train
1797,train
1798,test
1799,test
1800,test
1801,train
1802,train
1803,train
1804,train
1805,train
1806,train
1807,train
1808,train
1809,train
1810,train
1811,train
1812,train
1813,train
1814,train
1815,train
1816,train
1817,train
1818,train
1819,train
1820,train
1821,train
1822,train
1823,train
1824,train
1825,train
1826,test
1827,train
1828,train
1829,test
1830,train
1831,train
1832,train
1833,train
1834,train
1835,train
1836,train
1837,train
1838,test
1839,train
1840,train
1841,train
1842,train
1843,train
1844,train
1845,train
1846,train
1847,train
1848,train
1849,train
1850,test
1851,train
1852,train
1853,train
1854,test
1855,train
1856,train
1857,train
1858,test
1859,train
1860,train
1861,train
1862,train
1863,train
1864,test
1865,train
1866,train
1867,test
1868,train
1869,train
1870,train
1871,test
1872,train
1873,train
1874,train
1875,train
1876,train
1877,train
1878,train
1879,test
1880,train
1881,train
1882,train
1883,train
1884,train
1885,train
1886,test
1887,train
1888,train
1889,test
1890,test
1891,test
1892,train
1893,train
1894,train
1895,train
1896,train
1897,train
1898,test
1899,train
1900,train
1901,train
1902,train
1903,train
1904,test
1905,train
1906,train
1907,train
1908,train
1909,train
1910,train
1911,train
1912,train
1913,test
1914,train
1915,train
1916,train
1917,train
1918,train
1919,train
1920,train
1921,train
1922,train
1923,train
1924,train
1925,train
1926,train
1927,test
1928,train
1929,train
1930,train
1931,train
1932,train
1933,train
1934,train
1935,train
1936,train
1937,train
1938,train
1939,train
1940,test
1941,train
1942,train
1943,train
1944,train
1945,train
1946,train
1947,train
1948,train
1949,train
1950,train
1951,test
1952,train
1953,train
1954,test
1955,test
1956,train
1957,train
1958,train
1959,train
1960,train
1961,train
1962,train
1963,test
1964,train
1965,train
1966,train
1967,test
1968,train
1969,train
1970,test
1971,train
1972,train
1973,train
1974,test
1975,train
1976,train
1977,train
1978,test
1979,train
1980,train
1981,train
1982,train
1983,test
1984,train
1985,train
1986,train
1987,train
1988,train
1989,train
1990,train
1991,train
1992,train
1993,train
1994,train
1995,train
1996,train
1997,train
1998,train
1999,train
2000,train
2001,train
2002,train
2003,test
2004,test
2005,test
2006,train
2007,train
2008,test
2009,test
2010,train
2011,test
2012,train
2013,train
2014,train
2015,train
2016,train
2017,train
2018,train
2019,train
2020,test
2021,train
2022,train
2023,train
2024,test
2025,train
2026,train
2027,train
2028,train
2029,train
2030,train
2031,train
2032,test
2033,train
2034,train
2035,train
2036,train
2037,train
2038,test
2039,test
2040,train
2041,train
2042,train
2043,test
2044,train
2045,train
2046,train
2047,train
2048,train
2049,test
2050,train
2051,test
2052,train
2053,train
2054,train
2055,train
2056,test
2057,train
2058,train
2059,train
2060,test
2061,test
2062,train
2063,train
2064,train
2065,train
2066,train
2067,train
2068,train
2069,train
2070,train
2071,train
2072,train
2073,train
2074,train
2075,test
2076,train
2077,test
2078,train
2079,train
2080,train
2081,test
2082,train
2083,test
2084,train
2085,train
2086,train
2087,test
2088,train
2089,train
2090,test
2091,train
2092,train
2093,test
2094,train
2095,train
2096,train
2097,train
2098,train
2099,train
2100,train
2101,test
2102,train
2103,train
2104,train
2105,train
2106,train
2107,test
2108,test
2109,test
2110,train
2111,test
2112,train
2113,test
2114,test
2115,train
2116,test
2117,train
2118,train
2119,test
2120,train
2121,train
2122,train
2123,test
2124,test
2125,train
2126,train
2127,train
2128,train
2129,train
2130,train
2131,train
2132,train
2133,train
2134,test
2135,train
2136,train
2137,test
2138,test
2139,train
2140,train
2141,test
2142,train
2143,test
2144,train
2145,train
2146,train
2147,train
2148,train
2149,test
2150,train
2151,train
2152,train
2153,train
2154,train
2155,train
2156,train
2157,train
2158,train
2159,train
2160,train
2161,train
2162,test
2163,train
2164,train
2165,train
2166,train
2167,train
2168,test
2169,train
2170,train
2171,train
2172,train
2173,train
2174,train
2175,train
2176,train
2177,train
2178,train
2179,train
2180,train
2181,train
2182,train
2183,train
2184,train
2185,train
2186,train
2187,train
2188,test
2189,train
2190,train
2191,train
2192,test
2193,test
2194,train
2195,train
2196,train
2197,train
2198,train
2199,train
2200,train
2201,train
2202,train
2203,test
2204,train
2205,test
2206,train
2207,train
2208,train
2209,test
2210,train
2211,train
2212,test
2213,test
2214,train
2215,train
2216,train
2217,train
2218,test
2219,test
2220,train
2221,train
2222,train
2223,test
2224,train
2225,test
2226,train
2227,train
2228,train
2229,test
2230,train
2231,train
2232,train
2233,train
2234,train
2235,train
2236,train
2237,test
2238,train
2239,train
2240,test
2241,test
2242,train
2243,train
2244,train
2245,train
2246,train
2247,test
2248,test
2249,train
2250,train
2251,train
2252,train
2253,train
2254,test
2255,test
2256,train
2257,train
2258,train
2259,train
2260,train
2261,train
2262,train
2263,train
2264,train
2265,train
2266,train
2267,test
2268,train
2269,train
2270,train
2271,train
2272,train
2273,train
2274,train
2275,train
2276,train
2277,train
2278,train
2279,train
2280,train
2281,train
2282,train
2283,test
2284,train
2285,train
2286,train
2287,train
2288,train
2289,train
2290,train
2291,train
2292,test
2293,train
2294,train
2295,test
2296,train
2297,train
2298,test
2299,train
2300,train
2301,train
2302,train
2303,train
2304,train
2305,test
2306,train
2307,test
2308,test
2309,train
2310,train
2311,train
2312,test
2313,train
2314,train
2315,train
2316,train
2317,train
2318,train
2319,train
2320,train
2321,train
2322,train
2323,train
2324,train
2325,train
2326,train
2327,train
2328,train
2329,train
2330,train
2331,train
2332,train
2333,train
2334,test
2335,train
2336,train
2337,train
2338,test
2339,train
2340,test
2341,train
2342,train
2343,train
2344,train
2345,train
2346,test
2347,test
2348,test
2349,train
2350,train
2351,train
2352,train
2353,train
2354,train
2355,train
2356,test
2357,test
2358,train
2359,train
2360,train
2361,train
2362,train
2363,test
2364,train
2365,train
2366,test
2367,train
2368,train
2369,train
2370,train
2371,train
2372,test
2373,train
2374,test
2375,train
2376,train
2377,train
2378,test
2379,train
2380,train
2381,test
2382,train
2383,train
2384,train
2385,train
2386,train
2387,test
2388,train
2389,test
2390,test
2391,test
2392,train
2393,train
2394,test
2395,test
2396,train
2397,train
2398,test
2399,test
2400,train
2401,train
2402,train
2403,test
2404,test
2405,train
2406,train
2407,train
2408,train
2409,train
2410,train
2411,train
2412,train
2413,train
2414,train
2415,train
2416,train
2417,train
2418,train
2419,train
2420,train
2421,train
2422,test
2423,train
2424,train
2425,train
2426,train
2427,train
2428,train
2429,train
2430,train
2431,test
2432,test
2433,train
2434,train
2435,train
2436,train
2437,train
2438,test
2439,train
2440,train
2441,train
2442,train
2443,train
2444,train
2445,train
2446,train
2447,train
2448,train
2449,train
2450,train
2451,train
2452,train
2453,train
2454,train
2455,train
2456,train
2457,train
2458,train
2459,train
2460,train
2461,train
2462,test
2463,train
2464,train
2465,train
2466,train
2467,test
2468,train
2469,test
2470,train
2471,train
2472,test
2473,train
2474,test
2475,train
2476,train
2477,train
2478,test
2479,test
2480,test
2481,train
2482,train
2483,train
2484,train
2485,test
2486,train
2487,train
2488,train
2489,test
2490,test
2491,train
2492,train
2493,train
2494,test
2495,train
2496,train
2497,train
2498,train
2499,train
2500,train
2501,test
2502,train
2503,train
2504,test
2505,train
2506,train
2507,train
2508,train
2509,train
2510,train
2511,train
2512,test
2513,train
2514,train
2515,train
2516,train
2517,train
2518,test
2519,train
2520,test
2521,train
2522,train
2523,test
2524,train
2525,train
2526,train
2527,train
2528,train
2529,train
2530,train
2531,train
2532,train
2533,test
2534,train
2535,test
2536,test
2537,train
2538,train
2539,train
2540,train
2541,train
2542,train
2543,train
2544,train
2545,train
2546,test
2547,train
2548,train
2549,test
2550,train
2551,train
2552,train
2553,train
2554,train
2555,train
2556,train
2557,train
2558,train
2559,train
2560,train
2561,train
2562,train
2563,test
2564,train
2565,train
2566,train
2567,train
2568,train
2569,train
2570,test
2571,train
2572,train
2573,train
2574,train
2575,train
2576,test
2577,train
2578,train
2579,train
2580,train
2581,train
2582,train
2583,train
2584,train
2585,train
2586,train
2587,train
2588,train
2589,train
2590,train
2591,train
2592,train
2593,train
2594,train
2595,train
2596,train
2597,train
2598,test
2599,train
2600,train
2601,test
2602,train
2603,train
2604,train
2605,train
2606,train
2607,train
2608,train
2609,train
2610,train
2611,train
2612,train
2613,train
2614,train
2615,train
2616,test
2617,train
2618,train
2619,train
2620,train
2621,train
2622,train
2623,train
2624,train
2625,train
2626,train
2627,train
2628,train
2629,train
2630,test
2631,train
2632,train
2633,test
2634,train
2635,train
2636,test
2637,train
2638,train
2639,test
2640,train
2641,train
2642,test
2643,train
2644,test
2645,train
2646,train
2647,train
2648,train
2649,train
2650,train
2651,test
2652,test
2653,train
2654,train
2655,train
2656,train
2657,train
2658,train
2659,train
2660,train
2661,train
2662,train
2663,train
2664,train
2665,train
2666,train
2667,train
2668,train
2669,train
2670,train
2671,train
2672,train
2673,train
2674,test
2675,train
2676,test
2677,train
2678,train
2679,test
2680,train
2681,train
2682,train
2683,test
2684,train
2685,train
2686,test
2687,train
2688,train
2689,train
2690,train
2691,test
2692,train
2693,train
2694,train
2695,train
2696,train
2697,train
2698,train
2699,train
2700,train
2701,train
2702,train
2703,train
2704,train
2705,test
2706,train
2707,test
2708,train
2709,train
2710,train
2711,train
2712,train
2713,train
2714,train
2715,train
2716,train
2717,train
2718,train
2719,test
2720,train
2721,train
2722,train
2723,train
2724,train
2725,train
2726,test
2727,train
2728,train
2729,test
2730,train
2731,train
2732,train
2733,test
2734,test
2735,train
2736,train
2737,test
2738,test
2739,test
2740,test
2741,test
2742,train
2743,train
2744,train
2745,train
2746,train
2747,train
2748,train
2749,train
2750,test
2751,train
2752,train
2753,train
2754,train
2755,train
2756,train
2757,train
2758,train
2759,train
2760,train
2761,train
2762,train
2763,train
2764,test
2765,train
2766,train
2767,train
2768,train
2769,train
2770,test
2771,train
2772,train
2773,train
2774,test
2775,train
2776,train
2777,train
2778,train
2779,train
2780,train
2781,train
2782,train
2783,train
2784,train
2785,train
2786,train
2787,train
2788,train
2789,test
2790,train
2791,train
2792,train
2793,train
2794,train
2795,train
2796,train
2797,train
2798,train
2799,train
2800,train
2801,train
2802,train
2803,test
2804,train
2805,train
2806,test
2807,train
2808,train
2809,train
2810,test
2811,train
2812,train
2813,train
2814,train
2815,train
2816,train
2817,train
2818,test
2819,test
2820,train
2821,test
2822,train
2823,train
2824,train
2825,train
2826,test
2827,train
2828,train
2829,train
2830,train
2831,train
2832,train
2833,train
2834,test
2835,train
2836,train
2837,test
2838,test
2839,train
2840,train
2841,train
2842,test
2843,train
2844,train
2845,train
2846,train
2847,train
2848,train
2849,train
2850,train
2851,train
2852,train
2853,train
2854,train
2855,train
2856,train
2857,train
2858,test
2859,test
2860,train
2861,train
2862,train
2863,train
2864,test
2865,train
2866,train
2867,train
2868,train
2869,test
2870,train
2871,test
2872,train
2873,train
2874,train
2875,train
2876,train
2877,test
2878,train
2879,train
2880,train
2881,train
2882,train
2883,train
2884,test
2885,train
2886,train
2887,train
2888,train
2889,train
2890,train
2891,train
2892,train
2893,test
2894,train
2895,train
2896,test
2897,train
2898,train
2899,test
2900,test
2901,test
2902,test
2903,train
2904,train
2905,test
2906,train
2907,train
2908,train
2909,train
2910,train
2911,train
2912,train
2913,train
2914,test
2915,train
2916,train
2917,train
2918,train
2919,train
2920,train
2921,test
2922,train
2923,train
2924,train
2925,train
2926,train
2927,test
2928,train
2929,train
2930,train
2931,train
2932,test
2933,train
2934,train
2935,test
2936,train
2937,test
2938,train
2939,train
2940,train
2941,train
2942,train
2943,train
2944,train
2945,train
2946,train
2947,train
2948,train
2949,train
2950,test
2951,train
2952,train
2953,test
2954,train
2955,test
2956,train
2957,train
2958,train
2959,test
2960,train
2961,train
2962,train
2963,train
2964,train
2965,train
2966,test
2967,train
2968,train
2969,train
2970,train
2971,train
2972,train
2973,train
2974,train
2975,train
2976,train
2977,train
2978,train
2979,train
2980,test
2981,train
2982,test
2983,test
2984,train
2985,train
2986,train
2987,train
2988,train
2989,train
2990,train
2991,train
2992,test
2993,train
2994,train
2995,train
2996,train
2997,train
2998,train
2999,test
3000,test
3001,test
3002,train
3003,train
3004,train
3005,train
3006,train
3007,train
3008,test
3009,test
3010,train
3011,train
3012,test
3013,train
3014,train
3015,train
3016,train
3017,train
3018,train
3019,test
3020,train
3021,train
3022,train
3023,train
3024,train
3025,train
3026,test
3027,train
3028,train
3029,test
3030,train
3031,train
3032,train
3033,train
3034,train
3035,test
3036,train
3037,train
3038,test
3039,train
3040,train
3041,test
3042,test
3043,test
3044,train
3045,train
3046,train
3047,test
3048,test
3049,train
3050,train
3051,train
3052,train
3053,train
3054,train
3055,train
3056,train
3057,train
3058,train
3059,train
3060,train
3061,train
3062,train
3063,train
3064,train
3065,train
3066,train
3067,train
3068,train
3069,test
3070,train
3071,train
3072,train
3073,test
3074,train
3075,train
3076,train
3077,train
3078,train
3079,train
3080,train
3081,train
3082,train
3083,train
3084,test
3085,test
3086,train
3087,train
3088,train
3089,train
3090,train
3091,train
3092,train
3093,train
3094,test
3095,train
3096,train
3097,test
3098,test
3099,train
3100,test
3101,test
3102,train
3103,test
3104,train
3105,train
3106,train
3107,train
3108,test
3109,train
3110,test
3111,test
3112,test
3113,train
3114,test
3115,train
3116,train
3117,train
3118,train
3119,train
3120,train
3121,test
3122,train
3123,train
3124,train
3125,test
3126,test
3127,train
3128,train
3129,train
3130,train
3131,train
3132,train
3133,train
3134,train
3135,train
3136,train
3137,train
3138,test
3139,test
3140,train
3141,train
3142,train
3143,train
3144,train
3145,train
3146,train
3147,train
3148,train
3149,train
3150,train
3151,train
3152,train
3153,test
3154,train
3155,train
3156,train
3157,train
3158,train
3159,test
3160,train
3161,train
3162,train
3163,train
3164,train
3165,train
3166,train
3167,train
3168,train
3169,test
3170,test
3171,train
3172,train
3173,train
3174,train
3175,train
3176,train
3177,train
3178,train
3179,train
3180,test
3181,test
3182,test
3183,train
3184,train
3185,test
3186,train
3187,train
3188,train
3189,test
3190,train
3191,train
3192,train
3193,train
3194,test
3195,train
3196,train
3197,train
3198,train
3199,train
3200,train
3201,train
3202,train
3203,train
3204,train
3205,train
3206,train
3207,train
3208,train
3209,train
3210,test
3211,train
3212,test
3213,train
3214,train
3215,test
3216,train
3217,train
3218,train
3219,train
3220,test
3221,train
3222,train
3223,train
3224,train
3225,train
3226,train
3227,train
3228,train
3229,test
3230,train
3231,train
3232,train
3233,train
3234,train
3235,test
3236,test
3237,test
3238,train
3239,train
3240,train
3241,train
3242,train
3243,test
3244,train
3245,train
3246,train
3247,test
3248,train
3249,train
3250,train
3251,test
3252,train
3253,test
3254,train
3255,train
3256,train
3257,train
3258,train
3259,train
3260,train
3261,train
3262,train
3263,test
3264,train
3265,train
3266,test
3267,train
3268,test
3269,train
3270,train
3271,train
3272,test
3273,train
3274,train
3275,train
3276,train
3277,test
3278,train
3279,test
3280,test
3281,train
3282,train
3283,train
3284,train
3285,train
3286,test
3287,train
3288,test
3289,test
3290,train
3291,test
3292,train
3293,train
3294,train
3295,train
3296,test
3297,test
3298,train
3299,train
3300,train
3301,train
3302,train
3303,train
3304,train
3305,train
3306,train
3307,train
3308,test
3309,test
3310,test
3311,test
3312,test
3313,test
3314,train
3315,train
3316,train
3317,train
3318,train
3319,train
3320,train
3321,test
3322,train
3323,train
3324,train
3325,train
3326,train
3327,train
3328,train
3329,test
3330,test
3331,train
3332,train
3333,train
3334,test
3335,test
3336,train
3337,train
3338,train
3339,train
3340,train
3341,test
3342,test
3343,train
3344,train
3345,train
3346,train
3347,train
3348,train
3349,train
3350,test
3351,train
3352,train
3353,train
3354,test
3355,test
3356,train
3357,train
3358,train
3359,train
3360,test
3361,train
3362,train
3363,train
3364,train
3365,train
3366,test
3367,train
3368,train
3369,train
3370,train
3371,train
3372,train
3373,train
3374,train
3375,train
3376,train
3377,train
3378,train
3379,train
3380,train
3381,test
3382,test
3383,train
3384,train
3385,train
3386,test
3387,train
3388,train
3389,train
3390,train
3391,train
3392,train
3393,train
3394,train
3395,train
3396,train
3397,train
3398,train
3399,test
3400,train
3401,train
3402,train
3403,test
3404,train
3405,train
3406,test
3407,train
3408,train
3409,train
3410,test
3411,train
3412,train
3413,test
3414,train
3415,test
3416,train
3417,train
3418,train
3419,train
3420,train
3421,test
3422,test
3423,train
3424,train
3425,train
3426,test
3427,train
3428,train
3429,train
3430,train
3431,train
3432,train
3433,train
3434,test
3435,train
3436,test
3437,test
3438,train
3439,train
3440,train
3441,train
3442,train
3443,train
3444,train
3445,test
3446,train
3447,train
3448,train
3449,train
3450,train
3451,train
3452,train
3453,train
3454,train
3455,test
3456,train
3457,train
3458,train
3459,train
3460,train
3461,train
3462,test
3463,train
3464,train
3465,test
3466,test
3467,train
3468,train
3469,train
3470,train
3471,train
3472,train
3473,train
3474,train
3475,train
3476,train
3477,train
3478,train
3479,train
3480,train
3481,train
3482,train
3483,train
3484,train
3485,train
3486,train
3487,train
3488,train
3489,train
3490,test
3491,train
3492,test
3493,train
3494,train
3495,train
3496,train
3497,train
3498,train
3499,train
3500,train
3501,test
3502,train
3503,test
3504,train
3505,test
3506,train
3507,train
3508,test
3509,train
3510,train
3511,train
3512,train
3513,train
3514,train
3515,train
3516,train
3517,test
3518,train
3519,train
3520,train
3521,train
3522,train
3523,train
3524,train
3525,train
3526,train
3527,train
3528,train
3529,train
3530,train
3531,train
3532,train
3533,train
3534,test
3535,train
3536,train
3537,train
3538,train
3539,train
3540,test
3541,train
3542,train
3543,train
3544,train
3545,train
3546,train
3547,test
3548,train
3549,train
3550,test
3551,train
3552,train
3553,train
3554,train
3555,train
3556,train
3557,test
3558,train
3559,train
3560,test
3561,train
3562,train
3563,train
3564,train
3565,test
3566,train
3567,train
3568,train
3569,test
3570,test
3571,train
3572,train
3573,train
3574,train
3575,train
3576,test
3577,train
3578,train
3579,test
3580,train
3581,test
3582,train
3583,test
3584,train
3585,train
3586,train
3587,train
3588,train
3589,test
3590,train
3591,train
3592,train
3593,test
3594,train
3595,train
3596,train
3597,train
3598,train
3599,train
3600,train
3601,train
3602,test
3603,train
3604,train
3605,train
3606,train
3607,train
3608,test
3609,train
3610,train
3611,train
3612,train
3613,train
3614,train
3615,train
3616,train
3617,train
3618,test
3619,train
3620,train
3621,train
3622,test
3623,train
3624,test
3625,train
3626,train
3627,train
3628,train
3629,train
3630,train
3631,train
3632,train
3633,train
3634,train
3635,train
3636,train
3637,train
3638,train
3639,train
3640,test
3641,train
3642,train
3643,test
3644,train
3645,train
3646,train
3647,train
3648,train
3649,train
3650,train
3651,train
3652,train
3653,train
3654,train
3655,train
3656,train
3657,train
3658,train
3659,train
3660,train
3661,train
3662,train
3663,train
3664,train
3665,train
3666,train
3667,test
3668,test
3669,train
3670,train
3671,test
3672,test
3673,train
3674,test
3675,train
3676,train
3677,train
3678,train
3679,train
3680,train
3681,test
3682,test
3683,train
3684,train
3685,train
3686,test
3687,train
3688,test
3689,train
3690,test
3691,train
3692,train
3693,train
3694,test
3695,train
3696,train
3697,train
3698,test
3699,train
3700,train
3701,test
3702,train
3703,test
3704,train
3705,train
3706,train
3707,train
3708,train
3709,train
3710,train
3711,train
3712,train
3713,train
3714,train
3715,test
3716,train
3717,train
3718,train
3719,train
3720,train
3721,test
3722,test
3723,train
3724,train
3725,test
3726,train
3727,train
3728,train
3729,train
3730,test
3731,train
3732,train
3733,train
3734,train
3735,train
3736,train
3737,train
3738,train
3739,train
3740,train
3741,test
3742,test
3743,test
3744,test
3745,train
3746,train
3747,train
3748,train
3749,test
3750,train
3751,train
3752,train
3753,train
3754,test
3755,train
3756,train
3757,train
3758,train
3759,train
3760,train
3761,train
3762,train
3763,test
3764,test
3765,test
3766,train
3767,train
3768,train
3769,train
3770,train
3771,train
3772,test
3773,test
3774,train
3775,train
3776,test
3777,train
3778,train
3779,train
3780,train
3781,test
3782,train
3783,train
3784,train
3785,train
3786,train
3787,test
3788,train
3789,train
3790,train
3791,test
3792,train
3793,train
3794,test
3795,test
3796,train
3797,test
3798,train
3799,train
3800,train
3801,train
3802,train
3803,test
3804,train
3805,train
3806,train
3807,test
3808,train
3809,train
3810,test
3811,train
3812,train
3813,train
3814,train
3815,train
3816,train
3817,test
3818,train
3819,train
3820,train
3821,train
3822,test
3823,train
3824,train
3825,train
3826,train
3827,test
3828,test
3829,train
3830,train
3831,train
3832,test
3833,train
3834,test
3835,train
3836,train
3837,train
3838,test
3839,train
3840,train
3841,train
3842,train
3843,test
3844,train
3845,test
3846,train
3847,train
3848,train
3849,test
3850,train
3851,train
3852,train
3853,train
3854,train
3855,train
3856,train
3857,train
3858,train
3859,train
3860,train
3861,train
3862,test
3863,test
3864,train
3865,train
3866,train
3867,test
3868,train
3869,train
3870,test
3871,test
3872,train
3873,train
3874,train
3875,test
3876,train
3877,test
3878,train
3879,train
3880,train
3881,train
3882,train
3883,train
3884,train
3885,train
3886,train
3887,train
3888,train
3889,train
3890,train
3891,train
3892,train
3893,train
3894,train
3895,train
3896,train
3897,train
3898,train
3899,test
3900,train
3901,train
3902,train
3903,test
3904,test
3905,test
3906,train
3907,train
3908,train
3909,test
3910,train
3911,train
3912,train
3913,train
3914,train
3915,train
3916,test
3917,train
3918,train
3919,train
3920,train
3921,train
3922,train
3923,train
3924,train
3925,train
3926,train
3927,train
3928,train
3929,train
3930,train
3931,train
3932,train
3933,test
3934,train
3935,train
3936,train
3937,train
3938,train
3939,test
3940,train
3941,train
3942,train
3943,train
3944,train
3945,train
3946,train
3947,train
3948,train
3949,test
3950,test
3951,train
3952,test
3953,train
3954,train
3955,train
3956,train
3957,train
3958,train
3959,train
3960,test
3961,train
3962,train
3963,train
3964,test
3965,train
3966,train
3967,train
3968,test
3969,train
3970,train
3971,train
3972,test
3973,train
3974,train
3975,train
3976,train
3977,train
3978,train
3979,train
3980,train
3981,train
3982,train
3983,train
3984,train
3985,train
3986,train
3987,train
3988,train
3989,train
3990,train
3991,train
3992,train
3993,train
3994,test
3995,test
3996,train
3997,train
3998,test
3999,train
4000,train
4001,test
4002,train
4003,train
4004,train
4005,train
4006,train
4007,train
4008,train
4009,train
4010,train
4011,train
4012,test
4013,test
4014,train
4015,train
4016,train
4017,train
4018,train
4019,train
4020,train
4021,train
4022,test
4023,train
4024,train
4025,train
4026,train
4027,train
4028,train
4029,train
4030,train
4031,train
4032,train
4033,train
4034,train
4035,train
4036,train
4037,test
4038,train
4039,train
4040,train
4041,train
4042,train
4043,train
4044,train
4045,test
4046,train
4047,test
4048,train
4049,train
4050,train
4051,train
4052,train
4053,train
4054,train
4055,test
4056,train
4057,train
4058,train
4059,train
4060,train
4061,train
4062,train
4063,train
4064,train
4065,test
4066,train
4067,train
4068,train
4069,train
4070,train
4071,train
4072,train
4073,train
4074,train
4075,train
4076,test
4077,train
4078,train
4079,train
4080,train
4081,train
4082,train
4083,train
4084,train
4085,train
4086,train
4087,test
4088,train
4089,train
4090,train
4091,train
4092,test
4093,train
4094,test
4095,train
4096,test
4097,train
4098,train
4099,test
4100,train
4101,train
4102,test
4103,train
4104,train
4105,train
4106,train
4107,test
4108,test
4109,train
4110,train
4111,train
4112,train
4113,train
4114,test
4115,train
4116,train
4117,train
4118,train
4119,test
4120,train
4121,test
4122,test
4123,train
4124,train
4125,train
4126,train
4127,test
4128,train
4129,test
4130,train
4131,train
4132,test
4133,train
4134,test
4135,train
4136,train
4137,test
4138,train
4139,train
4140,train
4141,train
4142,train
4143,train
4144,train
4145,train
4146,test
4147,train
4148,train
4149,train
4150,train
4151,train
4152,train
4153,train
4154,train
4155,train
4156,train
4157,train
4158,test
4159,test
4160,train
4161,train
4162,train
4163,train
4164,train
4165,train
4166,train
4167,test
4168,test
4169,train
4170,test
4171,train
4172,train
4173,train
4174,train
4175,test
4176,train
4177,train
4178,train
4179,train
4180,train
4181,train
4182,train
4183,train
4184,test
4185,train
4186,train
4187,train
4188,test
4189,train
4190,train
4191,train
4192,train
4193,train
4194,train
4195,train
4196,train
4197,train
4198,test
4199,train
4200,train
4201,train
4202,train
4203,train
4204,train
4205,train
4206,train
4207,test
4208,train
4209,train
4210,test
4211,train
4212,train
4213,train
4214,test
4215,train
4216,train
4217,test
4218,train
4219,test
4220,test
4221,train
4222,train
4223,test
4224,train
4225,train
4226,train
4227,train
4228,train
4229,train
4230,train
4231,train
4232,train
4233,test
4234,train
4235,train
4236,test
4237,train
4238,train
4239,test
4240,train
4241,train
4242,train
4243,train
4244,train
4245,train
4246,train
4247,train
4248,train
4249,test
4250,train
4251,train
4252,test
4253,train
4254,train
4255,test
4256,train
4257,train
4258,train
4259,train
4260,train
4261,test
4262,train
4263,train
4264,train
4265,train
4266,train
4267,train
4268,train
4269,train
4270,train
4271,train
4272,train
4273,train
4274,train
4275,test
4276,train
4277,train
4278,train
4279,train
4280,test
4281,train
4282,train
4283,train
4284,train
4285,train
4286,train
4287,train
4288,test
4289,train
4290,train
4291,train
4292,train
4293,train
4294,train
4295,train
4296,test
4297,test
4298,train
4299,train
4300,train
4301,test
4302,train
4303,train
4304,train
4305,test
4306,train
4307,train
4308,train
4309,train
4310,train
4311,train
4312,train
4313,train
4314,train
4315,train
4316,train
4317,train
4318,train
4319,test
4320,train
4321,train
4322,train
4323,train
4324,train
4325,train
4326,train
4327,train
4328,train
4329,train
4330,test
4331,train
4332,train
4333,train
4334,train
4335,train
4336,train
4337,test
4338,train
4339,train
4340,train
4341,train
4342,train
4343,train
4344,train
4345,train
4346,train
4347,train
4348,test
4349,train
4350,train
4351,train
4352,train
4353,train
4354,train
4355,train
4356,train
4357,train
4358,train
4359,train
4360,test
4361,test
4362,train
4363,train
4364,test
4365,train
4366,train
4367,train
4368,train
4369,train
4370,train
4371,train
4372,test
4373,train
4374,train
4375,train
4376,train
4377,train
4378,test
4379,train
4380,train
4381,train
4382,train
4383,train
4384,train
4385,test
4386,train
4387,train
4388,train
4389,train
4390,test
4391,train
4392,train
4393,train
4394,test
4395,train
4396,train
4397,train
4398,train
4399,train
4400,train
4401,train
4402,train
4403,train
4404,train
4405,train
4406,train
4407,test
4408,train
4409,train
4410,train
4411,train
4412,test
4413,train
4414,train
4415,train
4416,train
4417,train
4418,train
4419,train
4420,train
4421,train
4422,train
4423,train
4424,train
4425,train
4426,train
4427,train
4428,train
4429,train
4430,train
4431,train
4432,test
4433,train
4434,train
4435,train
4436,train
4437,train
4438,train
4439,train
4440,train
4441,test
4442,test
4443,train
4444,train
4445,train
4446,train
4447,train
4448,test
4449,train
4450,train
4451,train
4452,test
4453,train
4454,train
4455,train
4456,test
4457,train
4458,test
4459,test
4460,train
4461,test
4462,test
4463,train
4464,train
4465,test
4466,train
4467,train
4468,train
4469,train
4470,train
4471,train
4472,train
4473,test
4474,train
4475,train
4476,train
4477,train
4478,test
4479,test
4480,test
4481,train
4482,train
4483,train
4484,train
4485,test
4486,train
4487,test
4488,train
4489,train
4490,train
4491,train
4492,train
4493,train
4494,train
4495,test
4496,train
4497,test
4498,train
4499,test
4500,train
4501,train
4502,train
4503,train
4504,train
4505,train
4506,train
4507,test
4508,train
4509,train
4510,train
4511,test
4512,train
4513,train
4514,train
4515,test
4516,train
4517,test
4518,test
4519,train
4520,train
4521,train
4522,train
4523,train
4524,train
4525,train
4526,train
4527,train
4528,train
4529,train
4530,train
4531,test
4532,train
4533,train
4534,train
4535,train
4536,train
4537,train
4538,train
4539,test
4540,train
4541,test
4542,train
4543,test
4544,train
4545,test
4546,train
4547,train
4548,test
4549,train
4550,train
4551,train
4552,test
4553,train
4554,train
4555,test
4556,train
4557,train
4558,train
4559,train
4560,train
4561,test
4562,train
4563,train
4564,train
4565,train
4566,train
4567,train
4568,train
4569,train
4570,train
4571,train
4572,test
4573,test
4574,test
4575,train
4576,train
4577,test
4578,train
4579,test
4580,test
4581,train
4582,train
4583,train
4584,train
4585,train
4586,train
4587,train
4588,train
4589,train
4590,train
4591,test
4592,test
4593,train
4594,train
4595,train
4596,train
4597,train
4598,train
4599,train
4600,train
4601,train
4602,test
4603,train
4604,train
4605,train
4606,test
4607,train
4608,train
4609,train
4610,test
4611,train
4612,train
4613,train
4614,test
4615,train
4616,train
4617,train
4618,test
4619,train
4620,train
4621,train
4622,test
4623,train
4624,test
4625,train
4626,test
4627,train
4628,test
4629,train
4630,train
4631,train
4632,train
4633,train
4634,test
4635,test
4636,train
4637,test
4638,train
4639,test
4640,train
4641,train
4642,test
4643,train
4644,train
4645,train
4646,train
4647,train
4648,train
4649,train
4650,train
4651,train
4652,train
4653,train
4654,train
4655,test
4656,test
4657,train
4658,train
4659,test
4660,train
4661,train
4662,train
4663,test
4664,test
4665,train
4666,test
4667,train
4668,train
4669,train
4670,train
4671,train
4672,train
4673,test
4674,train
4675,train
4676,train
4677,train
4678,test
4679,train
4680,train
4681,train
4682,train
4683,train
4684,train
4685,train
4686,test
4687,train
4688,train
4689,train
4690,train
4691,train
4692,train
4693,train
4694,train
4695,train
4696,train
4697,train
4698,test
4699,test
4700,test
4701,train
4702,train
4703,train
4704,test
4705,train
4706,train
4707,train
4708,train
4709,train
4710,train
4711,train
4712,train
4713,train
4714,test
4715,train
4716,test
4717,test
4718,train
4719,train
4720,train
4721,train
4722,test
4723,train
4724,test
4725,test
4726,train
4727,train
4728,train
4729,train
4730,train
4731,train
4732,train
4733,train
4734,train
4735,train
4736,train
4737,train
4738,train
4739,test
4740,test
4741,train
4742,test
4743,test
4744,train
4745,train
4746,test
4747,test
4748,train
4749,train
4750,test
4751,test
4752,train
4753,test
4754,train
4755,train
4756,train
4757,train
4758,train
4759,train
4760,train
4761,train
4762,test
4763,train
4764,train
4765,train
4766,train
4767,train
4768,test
4769,test
4770,train
4771,train
4772,train
4773,train
4774,train
4775,train
4776,train
4777,train
4778,train
4779,train
4780,test
4781,train
4782,train
4783,train
4784,train
4785,train
4786,train
4787,train
4788,train
4789,train
4790,test
4791,train
4792,test
4793,train
4794,train
4795,train
4796,train
4797,train
4798,train
4799,train
4800,train
4801,train
4802,train
4803,train
4804,train
4805,train
4806,train
4807,train
4808,train
4809,train
4810,train
4811,train
4812,train
4813,train
4814,train
4815,test
4816,test
4817,train
4818,train
4819,train
4820,train
4821,test
4822,train
4823,train
4824,train
4825,train
4826,train
4827,train
4828,train
4829,train
4830,train
4831,train
4832,test
4833,train
4834,test
4835,train
4836,train
4837,train
4838,train
4839,train
4840,train
4841,train
4842,train
4843,train
4844,train
4845,train
4846,train
4847,train
4848,train
4849,train
4850,train
4851,test
4852,train
4853,train
4854,train
4855,train
4856,train
4857,train
4858,train
4859,train
4860,train
4861,train
4862,train
4863,test
4864,test
4865,train
4866,train
4867,train
4868,test
4869,train
4870,train
4871,train
4872,train
4873,train
4874,train
4875,train
4876,train
4877,train
4878,train
4879,train
4880,train
4881,train
4882,train
4883,train
4884,train
4885,train
4886,test
4887,train
4888,train
4889,train
4890,test
4891,train
4892,test
4893,train
4894,train
4895,train
4896,test
4897,train
4898,train
4899,train
4900,train
4901,train
4902,train
4903,train
4904,train
4905,train
4906,train
4907,train
4908,train
4909,train
4910,train
4911,test
4912,train
4913,train
4914,train
4915,train
4916,train
4917,test
4918,test
4919,train
4920,train
4921,train
4922,train
4923,test
4924,train
4925,train
4926,train
4927,train
4928,test
4929,train
4930,train
4931,test
4932,train
4933,test
4934,train
4935,train
4936,test
4937,test
4938,train
4939,train
4940,train
4941,train
4942,train
4943,train
4944,train
4945,train
4946,train
4947,train
4948,test
4949,train
4950,train
4951,test
4952,train
4953,train
4954,train
4955,train
4956,test
4957,train
4958,test
4959,test
4960,train
4961,train
4962,train
4963,test
4964,train
4965,test
4966,train
4967,train
4968,train
4969,train
4970,train
4971,train
4972,train
4973,train
4974,train
4975,train
4976,train
4977,train
4978,test
4979,test
4980,train
4981,train
4982,test
4983,train
4984,train
4985,train
4986,train
4987,train
4988,train
4989,train
4990,train
4991,test
4992,train
4993,test
4994,train
4995,train
4996,train
4997,test
4998,test
4999,test
5000,train
5001,train
5002,train
5003,test
5004,train
5005,train
5006,train
5007,test
5008,train
5009,train
5010,test
5011,train
5012,train
5013,test
5014,train
5015,train
5016,train
5017,train
5018,test
5019,test
5020,test
5021,test
5022,test
5023,train
5024,train
5025,train
5026,train
5027,train
5028,test
5029,test
5030,train
5031,test
5032,train
5033,train
5034,train
5035,train
5036,train
5037,test
5038,train
5039,test
5040,train
5041,test
5042,train
5043,train
5044,train
5045,train
5046,train
5047,test
5048,train
5049,train
5050,train
5051,train
5052,train
5053,train
5054,train
5055,train
5056,test
5057,train
5058,train
5059,train
5060,train
5061,train
5062,test
5063,train
5064,train
5065,test
5066,test
5067,train
5068,train
5069,train
5070,train
5071,test
5072,train
5073,train
5074,train
5075,train
5076,train
5077,train
5078,train
5079,train
5080,train
5081,train
5082,train
5083,train
5084,train
5085,test
5086,train
5087,train
5088,train
5089,train
5090,train
5091,train
5092,train
5093,train
5094,train
5095,train
5096,train
5097,train
5098,train
5099,train
5100,train
5101,test
5102,test
5103,test
5104,train
5105,train
5106,test
5107,test
5108,train
5109,train
5110,train
5111,train
5112,train
5113,test
5114,train
5115,train
5116,test
5117,train
5118,train
5119,train
5120,test
5121,test
5122,train
5123,train
5124,test
5125,train
5126,train
5127,test
5128,train
5129,train
5130,train
5131,train
5132,train
5133,test
5134,train
5135,train
5136,train
5137,train
5138,test
5139,test
5140,train
5141,train
5142,train
5143,train
5144,train
5145,test
5146,test
5147,train
5148,train
5149,test
5150,train
5151,train
5152,train
5153,train
5154,train
5155,train
5156,train
5157,train
5158,train
5159,train
5160,train
5161,train
5162,train
5163,train
5164,test
5165,train
5166,train
5167,train
5168,train
5169,train
5170,test
5171,test
5172,train
5173,train
5174,train
5175,train
5176,test
5177,train
5178,test
5179,train
5180,test
5181,train
5182,train
5183,train
5184,test
5185,train
5186,train
5187,train
5188,test
5189,test
5190,test
5191,test
5192,train
5193,train
5194,train
5195,test
5196,train
5197,train
5198,train
5199,train
5200,train
5201,train
5202,train
5203,train
5204,train
5205,train
5206,train
5207,test
5208,train
5209,train
5210,train
5211,train
5212,train
5213,train
5214,train
5215,train
5216,train
5217,test
5218,train
5219,train
5220,train
5221,train
5222,train
5223,train
5224,train
5225,train
5226,train
5227,test
5228,train
5229,train
5230,train
5231,train
5232,train
5233,train
5234,train
5235,train
5236,train
5237,test
5238,test
5239,train
5240,train
5241,train
5242,train
5243,train
5244,train
5245,train
5246,train
5247,train
5248,train
5249,train
5250,test
5251,train
5252,train
5253,train
5254,train
5255,train
5256,train
5257,train
5258,test
5259,train
5260,train
5261,train
5262,train
5263,train
5264,train
5265,train
5266,test
5267,test
5268,train
5269,train
5270,test
5271,train
5272,train
5273,train
5274,train
5275,train
5276,train
5277,train
5278,train
5279,train
5280,train
5281,train
5282,train
5283,test
5284,train
5285,test
5286,train
5287,train
5288,test
5289,train
5290,train
5291,train
5292,train
5293,train
5294,test
5295,train
5296,test
5297,test
5298,train
5299,train
5300,train
5301,train
5302,train
5303,train
5304,train
5305,train
5306,train
5307,train
5308,train
5309,train
5310,train
5311,train
5312,train
5313,train
5314,train
5315,train
5316,train
5317,test
5318,train
5319,train
5320,train
5321,train
5322,train
5323,train
5324,train
5325,train
5326,train
5327,train
5328,train
5329,test
5330,test
5331,train
5332,train
5333,test
5334,test
5335,test
5336,train
5337,test
5338,train
5339,train
5340,train
5341,train
5342,train
5343,train
5344,train
5345,train
5346,train
5347,test
5348,train
5349,train
5350,test
5351,train
5352,train
5353,train
5354,train
5355,train
5356,train
5357,train
5358,train
5359,train
5360,train
5361,train
5362,test
5363,train
5364,train
5365,train
5366,train
5367,train
5368,train
5369,test
5370,train
5371,train
5372,train
5373,train
5374,train
5375,train
5376,train
5377,train
5378,test
5379,train
5380,train
5381,train
5382,train
5383,train
5384,train
5385,test
5386,train
5387,train
5388,train
5389,train
5390,train
5391,train
5392,test
5393,test
5394,train
5395,train
5396,test
5397,train
5398,train
5399,train
5400,train
5401,train
5402,train
5403,train
5404,train
5405,test
5406,train
5407,train
5408,train
5409,train
5410,train
5411,train
5412,test
5413,test
5414,train
5415,train
5416,train
5417,train
5418,test
5419,train
5420,train
5421,train
5422,train
5423,test
5424,train
5425,train
5426,test
5427,train
5428,train
5429,train
5430,train
5431,test
5432,train
5433,train
5434,test
5435,test
5436,train
5437,train
5438,train
5439,test
5440,train
5441,train
5442,train
5443,train
5444,train
5445,test
5446,train
5447,train
5448,train
5449,train
5450,train
5451,test
5452,train
5453,train
5454,train
5455,test
5456,train
5457,test
5458,train
5459,test
5460,train
5461,train
5462,train
5463,train
5464,train
5465,train
5466,train
5467,train
5468,test
5469,train
5470,test
5471,test
5472,train
5473,test
5474,train
5475,train
5476,train
5477,test
5478,train
5479,train
5480,test
5481,train
5482,train
5483,train
5484,test
5485,train
5486,train
5487,test
5488,train
5489,train
5490,train
5491,test
5492,test
5493,train
5494,train
5495,test
5496,test
5497,test
5498,train
5499,train
5500,train
5501,train
5502,train
5503,test
5504,train
5505,train
5506,train
5507,train
5508,train
5509,train
5510,train
5511,test
5512,train
5513,train
5514,train
5515,train
5516,train
5517,test
5518,train
5519,train
5520,test
5521,train
5522,train
5523,test
5524,test
5525,train
5526,train
5527,train
5528,train
5529,train
5530,train
5531,train
5532,test
5533,test
5534,test
5535,train
5536,train
5537,test
5538,train
5539,train
5540,train
5541,test
5542,test
5543,train
5544,train
5545,train
5546,test
5547,train
5548,train
5549,train
5550,test
5551,train
5552,train
5553,test
5554,train
5555,train
5556,train
5557,train
5558,train
5559,train
5560,train
5561,train
5562,test
5563,train
5564,train
5565,train
5566,train
5567,train
5568,train
5569,train
5570,train
5571,train
5572,train
5573,train
5574,train
5575,train
5576,train
5577,test
5578,train
5579,train
5580,train
5581,test
5582,train
5583,train
5584,train
5585,train
5586,train
5587,train
5588,train
5589,train
5590,train
5591,train
5592,train
5593,test
5594,train
5595,train
5596,train
5597,train
5598,test
5599,train
5600,train
5601,train
5602,train
5603,train
5604,train
5605,train
5606,train
5607,train
5608,train
5609,train
5610,test
5611,train
5612,train
5613,train
5614,train
5615,train
5616,train
5617,train
5618,test
5619,test
5620,train
5621,train
5622,train
5623,test
5624,test
5625,train
5626,train
5627,train
5628,train
5629,train
5630,train
5631,train
5632,test
5633,train
5634,train
5635,train
5636,train
5637,train
5638,train
5639,train
5640,train
5641,train
5642,train
5643,train
5644,train
5645,train
5646,train
5647,train
5648,train
5649,test
5650,train
5651,train
5652,train
5653,test
5654,train
5655,train
5656,train
5657,test
5658,test
5659,train
5660,test
5661,train
5662,train
5663,train
5664,train
5665,test
5666,train
5667,test
5668,test
5669,train
5670,test
5671,train
5672,train
5673,test
5674,train
5675,test
5676,train
5677,train
5678,train
5679,test
5680,train
5681,train
5682,train
5683,test
5684,train
5685,train
5686,train
5687,train
5688,train
5689,test
5690,train
5691,train
5692,train
5693,test
5694,test
5695,train
5696,train
5697,train
5698,train
5699,train
5700,test
5701,train
5702,train
5703,train
5704,train
5705,train
5706,test
5707,test
5708,train
5709,train
5710,train
5711,test
5712,train
5713,train
5714,train
5715,train
5716,train
5717,train
5718,train
5719,train
5720,train
5721,train
5722,train
5723,train
5724,train
5725,train
5726,train
5727,train
5728,train
5729,train
5730,test
5731,train
5732,train
5733,train
5734,train
5735,test
5736,train
5737,train
5738,test
5739,train
5740,train
5741,train
5742,test
5743,train
5744,train
5745,train
5746,train
5747,train
5748,train
5749,train
5750,train
5751,train
5752,train
5753,train
5754,train
5755,train
5756,train
5757,train
5758,train
5759,train
5760,train
5761,test
5762,test
5763,train
5764,train
5765,train
5766,train
5767,train
5768,train
5769,train
5770,train
5771,train
5772,train
5773,train
5774,train
5775,train
5776,test
5777,test
5778,test
5779,train
5780,train
5781,train
5782,train
5783,train
5784,test
5785,test
5786,train
5787,train
5788,train
5789,train
5790,train
5791,train
5792,train
5793,train
5794,train
5795,test
5796,train
5797,train
5798,test
5799,test
5800,train
5801,train
5802,train
5803,train
5804,train
5805,test
5806,train
5807,train
5808,train
5809,train
5810,train
5811,train
5812,test
5813,train
5814,train
5815,train
5816,test
5817,train
5818,test
5819,train
5820,train
5821,test
5822,train
5823,train
5824,train
5825,train
5826,train
5827,train
5828,train
5829,train
5830,train
5831,train
5832,train
5833,train
5834,train
5835,train
5836,train
5837,train
5838,train
5839,train
5840,train
5841,test
5842,train
5843,train
5844,train
5845,train
5846,train
5847,test
5848,train
5849,train
5850,test
5851,train
5852,train
5853,train
5854,train
5855,train
5856,train
5857,train
5858,train
5859,train
5860,train
5861,train
5862,test
5863,test
5864,train
5865,train
5866,train
5867,train
5868,train
5869,train
5870,test
5871,train
5872,train
5873,train
5874,test
5875,train
5876,train
5877,test
5878,train
5879,train
5880,test
5881,train
5882,train
5883,train
5884,test
5885,train
5886,train
5887,train
5888,train
5889,test
5890,test
5891,train
5892,train
5893,train
5894,train
5895,train
5896,train
5897,train
5898,train
5899,train
5900,train
5901,train
5902,train
5903,test
5904,test
5905,train
5906,train
5907,train
5908,train
5909,train
5910,train
5911,train
5912,train
5913,train
5914,train
5915,train
5916,train
5917,train
5918,train
5919,train
5920,train
5921,train
5922,train
5923,train
5924,train
5925,train
5926,train
5927,train
5928,test
5929,test
5930,train
5931,train
5932,test
5933,train
5934,train
5935,train
5936,test
5937,train
5938,train
5939,test
5940,train
5941,train
5942,train
5943,test
5944,test
5945,train
5946,train
5947,train
5948,train
5949,test
5950,train
5951,train
5952,test
5953,train
5954,test
5955,test
5956,train
5957,train
5958,train
5959,train
5960,test
5961,test
5962,train
5963,train
5964,train
5965,train
5966,test
5967,train
5968,train
5969,test
5970,train
5971,test
5972,train
5973,test
5974,train
5975,train
5976,train
5977,train
5978,train
5979,train
5980,train
5981,train
5982,train
5983,train
5984,train
5985,train
5986,train
5987,train
5988,train
5989,train
5990,train
5991,train
5992,train
5993,test
5994,train
5995,train
5996,train
5997,test
5998,train
5999,train
6000,train
6001,test
6002,test
6003,train
6004,train
6005,train
6006,train
6007,train
6008,train
6009,train
6010,train
6011,train
6012,test
6013,train
6014,train
6015,train
6016,train
6017,train
6018,train
6019,train
6020,train
6021,test
6022,test
6023,train
6024,train
6025,train
6026,train
6027,train
6028,test
6029,train
6030,train
6031,train
6032,train
6033,train
6034,train
6035,train
6036,train
6037,train
6038,train
6039,train
6040,train
6041,train
6042,train
6043,train
6044,test
6045,train
6046,test
6047,test
6048,test
6049,train
6050,test
6051,test
6052,train
6053,train
6054,train
6055,test
6056,train
6057,train
6058,train
6059,train
6060,train
6061,train
6062,test
6063,test
6064,train
6065,train
6066,train
6067,test
6068,train
6069,train
6070,train
6071,train
6072,train
6073,train
6074,train
6075,train
6076,train
6077,train
6078,train
6079,train
6080,test
6081,test
6082,test
6083,test
6084,train
6085,train
6086,train
6087,train
6088,train
6089,test
6090,train
6091,train
6092,train
6093,train
6094,train
6095,test
6096,test
6097,train
6098,train
6099,train
6100,test
6101,test
6102,train
6103,train
6104,test
6105,train
6106,train
6107,test
6108,train
6109,test
6110,train
6111,train
6112,test
6113,train
6114,train
6115,train
6116,train
6117,train
6118,train
6119,test
6120,test
6121,train
6122,train
6123,train
6124,train
6125,train
6126,train
6127,train
6128,train
6129,train
6130,train
6131,train
6132,test
6133,train
6134,train
6135,train
6136,test
6137,train
6138,train
6139,train
6140,train
6141,test
6142,test
6143,train
6144,test
6145,train
6146,train
6147,test
6148,train
6149,train
6150,train
6151,train
6152,test
6153,train
6154,train
6155,test
6156,train
6157,train
6158,train
6159,train
6160,test
6161,train
6162,train
6163,train
6164,test
6165,train
6166,train
6167,train
6168,train
6169,train
6170,train
6171,test
6172,test
6173,train
6174,test
6175,train
6176,train
6177,train
6178,test
6179,train
6180,train
6181,train
6182,train
6183,train
6184,test
6185,train
6186,train
6187,train
6188,train
6189,train
6190,train
6191,train
6192,train
6193,train
6194,train
6195,train
6196,test
6197,test
6198,train
6199,train
6200,train
6201,test
6202,test
6203,train
6204,train
6205,train
6206,train
6207,train
6208,train
6209,train
6210,train
6211,train
6212,train
6213,train
6214,train
6215,train
6216,train
6217,train
6218,train
6219,test
6220,train
6221,train
6222,train
6223,train
6224,test
6225,train
6226,train
6227,train
6228,test
6229,train
6230,train
6231,train
6232,train
6233,train
6234,train
6235,train
6236,train
6237,test
6238,train
6239,train
6240,train
6241,train
6242,train
6243,train
6244,train
6245,train
6246,train
6247,train
6248,train
6249,train
6250,train
6251,train
6252,train
6253,train
6254,train
6255,train
6256,train
6257,train
6258,test
6259,train
6260,train
6261,test
6262,train
6263,train
6264,train
6265,train
6266,train
6267,test
6268,train
6269,test
6270,train
6271,train
6272,test
6273,train
6274,train
6275,train
6276,train
6277,train
6278,test
6279,train
6280,train
6281,train
6282,train
6283,train
6284,train
6285,train
6286,test
6287,train
6288,train
6289,test
6290,test
6291,test
6292,train
6293,train
6294,train
6295,train
6296,train
6297,train
6298,train
6299,train
6300,test
6301,test
6302,train
6303,train
6304,train
6305,train
6306,test
6307,train
6308,train
6309,train
6310,train
6311,train
6312,train
6313,train
6314,train
6315,train
6316,train
6317,train
6318,train
6319,train
6320,train
6321,test
6322,train
6323,train
6324,train
6325,train
6326,train
6327,train
6328,train
6329,train
6330,train
6331,train
6332,train
6333,train
6334,train
6335,train
6336,train
6337,train
6338,train
6339,train
6340,train
6341,train
6342,test
6343,train
6344,test
6345,train
6346,train
6347,test
6348,train
6349,test
6350,train
6351,train
6352,test
6353,train
6354,test
6355,train
6356,train
6357,train
6358,train
6359,train
6360,train
6361,train
6362,train
6363,train
6364,train
6365,train
6366,test
6367,test
6368,train
6369,train
6370,train
6371,test
6372,train
6373,train
6374,test
6375,train
6376,train
6377,train
6378,train
6379,train
6380,train
6381,train
6382,train
6383,test
6384,train
6385,train
6386,train
6387,train
6388,train
6389,train
6390,train
6391,train
6392,train
6393,train
6394,test
6395,test
6396,train
6397,test
6398,train
6399,test
6400,train
6401,train
6402,test
6403,test
6404,train
6405,train
6406,train
6407,train
6408,test
6409,train
6410,train
6411,test
6412,test
6413,train
6414,train
6415,train
6416,test
6417,test
6418,train
6419,train
6420,train
6421,train
6422,train
6423,train
6424,test
6425,train
6426,train
6427,train
6428,train
6429,train
6430,train
6431,train
6432,test
6433,test
6434,train
6435,train
6436,train
6437,train
6438,train
6439,test
6440,test
6441,test
6442,train
6443,test
6444,train
6445,train
6446,train
6447,test
6448,train
6449,train
6450,train
6451,train
6452,train
6453,train
6454,train
6455,test
6456,train
6457,train
6458,test
6459,train
6460,train
6461,train
6462,train
6463,train
6464,train
6465,test
6466,train
6467,train
6468,train
6469,train
6470,train
6471,train
6472,train
6473,test
6474,train
6475,train
6476,train
6477,train
6478,train
6479,train
6480,test
6481,train
6482,test
6483,train
6484,train
6485,train
6486,train
6487,train
6488,train
6489,train
6490,train
6491,train
6492,test
6493,train
6494,train
6495,train
6496,train
6497,train
6498,train
6499,train
6500,test
6501,train
6502,train
6503,train
6504,train
6505,test
6506,test
6507,test
6508,train
6509,train
6510,train
6511,train
6512,test
6513,test
6514,train
6515,test
6516,test
6517,train
6518,train
6519,train
6520,train
6521,train
6522,train
6523,train
6524,train
6525,train
6526,test
6527,train
6528,train
6529,test
6530,train
6531,train
6532,train
6533,train
6534,test
6535,train
6536,train
6537,train
6538,test
6539,train
6540,train
6541,train
6542,train
6543,test
6544,train
6545,train
6546,train
6547,train
6548,train
6549,train
6550,test
6551,train
6552,train
6553,test
6554,train
6555,train
6556,test
6557,train
6558,train
6559,train
6560,train
6561,train
6562,train
6563,train
6564,test
6565,train
6566,train
6567,train
6568,train
6569,train
6570,train
6571,train
6572,train
6573,train
6574,train
6575,train
6576,train
6577,train
6578,train
6579,train
6580,train
6581,train
6582,train
6583,train
6584,train
6585,train
6586,train
6587,train
6588,train
6589,train
6590,train
6591,train
6592,train
6593,train
6594,test
6595,train
6596,train
6597,train
6598,train
6599,test
6600,train
6601,train
6602,train
6603,train
6604,test
6605,train
6606,train
6607,train
6608,train
6609,train
6610,train
6611,train
6612,train
6613,test
6614,train
6615,train
6616,train
6617,train
6618,train
6619,train
6620,train
6621,test
6622,train
6623,train
6624,test
6625,train
6626,train
6627,train
6628,test
6629,train
6630,train
6631,train
6632,test
6633,train
6634,train
6635,train
6636,train
6637,test
6638,train
6639,train
6640,train
6641,train
6642,train
6643,train
6644,train
6645,train
6646,train
6647,train
6648,train
6649,train
6650,train
6651,train
6652,train
6653,test
6654,test
6655,train
6656,train
6657,train
6658,train
6659,train
6660,train
6661,test
6662,train
6663,train
6664,test
6665,train
6666,train
6667,train
6668,train
6669,train
6670,train
6671,train
6672,train
6673,train
6674,train
6675,test
6676,train
6677,train
6678,test
6679,train
6680,train
6681,train
6682,test
6683,train
6684,train
6685,train
6686,train
6687,train
6688,train
6689,train
6690,train
6691,test
6692,train
6693,train
6694,test
6695,test
6696,train
6697,train
6698,test
6699,train
6700,train
6701,test
6702,train
6703,train
6704,train
6705,train
6706,train
6707,test
6708,train
6709,train
6710,train
6711,train
6712,train
6713,test
6714,train
6715,train
6716,train
6717,train
6718,train
6719,train
6720,train
6721,train
6722,train
6723,train
6724,train
6725,train
6726,train
6727,train
6728,train
6729,train
6730,train
6731,train
6732,train
6733,test
6734,train
6735,train
6736,train
6737,train
6738,train
6739,train
6740,train
6741,train
6742,test
6743,train
6744,train
6745,train
6746,train
6747,train
6748,train
6749,train
6750,train
6751,train
6752,train
6753,train
6754,test
6755,test
6756,test
6757,train
6758,train
6759,train
6760,train
6761,train
6762,test
6763,train
6764,test
6765,train
6766,train
6767,test
6768,train
6769,train
6770,train
6771,test
6772,test
6773,train
6774,train
6775,train
6776,test
6777,test
6778,train
6779,test
6780,train
6781,train
6782,train
6783,train
6784,train
6785,train
6786,train
6787,train
6788,train
6789,train
6790,train
6791,train
6792,train
6793,train
6794,train
6795,train
6796,train
6797,train
6798,train
6799,train
6800,train
6801,test
6802,train
6803,train
6804,train
6805,train
6806,test
6807,train
6808,test
6809,train
6810,test
6811,train
6812,test
6813,train
6814,test
6815,train
6816,train
6817,train
6818,test
6819,train
6820,test
6821,train
6822,train
6823,train
6824,train
6825,train
6826,train
6827,train
6828,train
6829,train
6830,train
6831,train
6832,train
6833,train
6834,test
6835,test
6836,train
6837,train
6838,train
6839,train
6840,train
6841,train
6842,test
6843,train
6844,test
6845,train
6846,test
6847,train
6848,test
6849,test
6850,train
6851,train
6852,train
6853,train
6854,train
6855,train
6856,train
6857,test
6858,test
6859,train
6860,train
6861,train
6862,train
6863,train
6864,train
6865,train
6866,test
6867,test
6868,train
6869,train
6870,train
6871,train
6872,train
6873,test
6874,train
6875,train
6876,train
6877,train
6878,train
6879,train
6880,train
6881,train
6882,test
6883,train
6884,train
6885,train
6886,train
6887,test
6888,train
6889,train
6890,train
6891,train
6892,train
6893,train
6894,train
6895,test
6896,train
6897,test
6898,train
6899,train
6900,train
6901,train
6902,train
6903,train
6904,train
6905,train
6906,train
6907,train
6908,train
6909,test
6910,train
6911,test
6912,test
6913,train
6914,train
6915,train
6916,train
6917,train
6918,train
6919,train
6920,train
6921,train
6922,test
6923,train
6924,test
6925,train
6926,train
6927,train
6928,train
6929,train
6930,train
6931,train
6932,train
6933,train
6934,train
6935,train
6936,train
6937,train
6938,train
6939,train
6940,train
6941,train
6942,test
6943,train
6944,train
6945,train
6946,test
6947,train
6948,train
6949,train
6950,train
6951,train
6952,train
6953,train
6954,train
6955,train
6956,train
6957,train
6958,test
6959,train
6960,train
6961,test
6962,train
6963,train
6964,train
6965,train
6966,test
6967,train
6968,train
6969,test
6970,train
6971,test
6972,train
6973,train
6974,train
6975,train
6976,train
6977,test
6978,train
6979,train
6980,train
6981,train
6982,train
6983,train
6984,train
6985,train
6986,train
6987,train
6988,train
6989,train
6990,train
6991,train
6992,train
6993,test
6994,train
6995,test
6996,train
6997,train
6998,train
6999,train
7000,train
7001,train
7002,train
7003,test
7004,train
7005,train
7006,train
7007,test
7008,train
7009,test
7010,train
7011,train
7012,train
7013,train
7014,train
7015,train
7016,train
7017,test
7018,train
7019,train
7020,train
7021,train
7022,train
7023,test
7024,train
7025,train
7026,train
7027,test
7028,train
7029,train
7030,train
7031,train
7032,train
7033,train
7034,train
7035,train
7036,train
7037,test
7038,train
7039,train
7040,test
7041,train
7042,train
7043,train
7044,train
7045,train
7046,train
7047,test
7048,train
7049,test
7050,train
7051,train
7052,train
7053,test
7054,test
7055,test
7056,train
7057,train
7058,train
7059,train
7060,test
7061,train
7062,test
7063,train
7064,test
7065,train
7066,train
7067,train
7068,train
7069,train
7070,train
7071,train
7072,train
7073,train
7074,train
7075,train
7076,train
7077,train
7078,train
7079,train
7080,train
7081,test
7082,train
7083,train
7084,train
7085,train
7086,train
7087,test
7088,test
7089,train
7090,train
7091,train
7092,train
7093,train
7094,train
7095,train
7096,train
7097,test
7098,train
7099,test
7100,train
7101,test
7102,train
7103,train
7104,test
7105,train
7106,test
7107,test
7108,train
7109,train
7110,train
7111,train
7112,train
7113,train
7114,train
7115,train
7116,train
7117,train
7118,train
7119,train
7120,train
7121,test
7122,train
7123,train
7124,train
7125,train
7126,train
7127,train
7128,train
7129,train
7130,test
7131,test
7132,train
7133,train
7134,train
7135,test
7136,train
7137,train
7138,train
7139,train
7140,train
7141,train
7142,train
7143,train
7144,test
7145,train
7146,train
7147,train
7148,train
7149,train
7150,train
7151,train
7152,train
7153,train
7154,train
7155,test
7156,train
7157,train
7158,test
7159,train
7160,train
7161,train
7162,train
7163,test
7164,train
7165,test
7166,train
7167,train
7168,train
7169,train
7170,train
7171,test
7172,train
7173,test
7174,train
7175,train
7176,train
7177,test
7178,train
7179,train
7180,test
7181,train
7182,test
7183,train
7184,train
7185,train
7186,train
7187,train
7188,test
7189,train
7190,train
7191,train
7192,train
7193,train
7194,train
7195,train
7196,train
7197,test
7198,test
7199,test
7200,test
7201,train
7202,train
7203,test
7204,test
7205,test
7206,test
7207,train
7208,train
7209,test
7210,train
7211,train
7212,test
7213,train
7214,train
7215,train
7216,train
7217,train
7218,train
7219,train
7220,test
7221,train
7222,train
7223,train
7224,train
7225,train
7226,test
7227,train
7228,train
7229,train
7230,train
7231,train
7232,train
7233,test
7234,train
7235,train
7236,train
7237,test
7238,train
7239,train
7240,test
7241,train
7242,train
7243,test
7244,train
7245,train
7246,train
7247,train
7248,train
7249,test
7250,train
7251,test
7252,train
7253,train
7254,train
7255,train
7256,train
7257,train
7258,test
7259,train
7260,train
7261,train
7262,train
7263,test
7264,test
7265,test
7266,train
7267,train
7268,train
7269,test
7270,train
7271,train
7272,train
7273,train
7274,test
7275,train
7276,test
7277,train
7278,train
7279,train
7280,test
7281,test
7282,train
7283,test
7284,train
7285,test
7286,train
7287,test
7288,train
7289,train
7290,train
7291,test
7292,train
7293,train
7294,train
7295,train
7296,train
7297,train
7298,test
7299,train
7300,train
7301,train
7302,train
7303,train
7304,train
7305,train
7306,test
7307,test
7308,train
7309,train
7310,train
7311,train
7312,train
7313,train
7314,train
7315,train
7316,train
7317,train
7318,train
7319,train
7320,train
7321,train
7322,train
7323,train
7324,train
7325,train
7326,train
7327,train
7328,train
7329,train
7330,train
7331,train
7332,train
7333,train
7334,train
7335,train
7336,train
7337,train
7338,train
7339,test
7340,test
7341,train
7342,train
7343,train
7344,train
7345,train
7346,test
7347,test
7348,train
7349,train
7350,train
7351,train
7352,train
7353,test
7354,train
7355,train
7356,train
7357,train
7358,train
7359,train
7360,train
7361,train
7362,train
7363,test
7364,train
7365,train
7366,train
7367,test
7368,train
7369,test
7370,train
7371,train
7372,test
7373,train
7374,train
7375,train
7376,test
7377,train
7378,test
7379,train
7380,train
7381,train
7382,test
7383,train
7384,train
7385,train
7386,train
7387,train
7388,train
7389,train
7390,train
7391,train
7392,train
7393,test
7394,train
7395,train
7396,train
7397,train
7398,test
7399,train
7400,test
7401,train
7402,train
7403,train
7404,test
7405,train
7406,train
7407,test
7408,train
7409,train
7410,train
7411,test
7412,train
7413,train
7414,train
7415,train
7416,train
7417,train
7418,train
7419,train
7420,train
7421,train
7422,train
7423,train
7424,train
7425,train
7426,train
7427,train
7428,train
7429,train
7430,train
7431,test
7432,train
7433,test
7434,train
7435,train
7436,train
7437,train
7438,train
7439,train
7440,train
7441,train
7442,train
7443,train
7444,train
7445,test
7446,train
7447,test
7448,test
7449,train
7450,test
7451,train
7452,train
7453,test
7454,train
7455,train
7456,train
7457,train
7458,train
7459,test
7460,test
7461,test
7462,train
7463,test
7464,train
7465,test
7466,train
7467,train
7468,train
7469,train
7470,train
7471,train
7472,train
7473,train
7474,train
7475,train
7476,train
7477,train
7478,train
7479,train
7480,test
7481,train
7482,test
7483,train
7484,train
7485,train
7486,test
7487,train
7488,train
7489,train
7490,train
7491,train
7492,train
7493,train
7494,train
7495,train
7496,train
7497,test
7498,train
7499,train
7500,train
7501,test
7502,train
7503,train
7504,train
7505,train
7506,train
7507,train
7508,train
7509,train
7510,train
7511,test
7512,train
7513,train
7514,train
7515,train
7516,train
7517,train
7518,train
7519,train
7520,train
7521,test
7522,test
7523,train
7524,test
7525,train
7526,train
7527,train
7528,train
7529,train
7530,test
7531,train
7532,train
7533,train
7534,test
7535,train
7536,test
7537,train
7538,train
7539,train
7540,train
7541,test
7542,train
7543,train
7544,test
7545,test
7546,train
7547,train
7548,train
7549,train
7550,train
7551,test
7552,train
7553,train
7554,train
7555,train
7556,train
7557,train
7558,train
7559,train
7560,train
7561,train
7562,train
7563,train
7564,train
7565,train
7566,train
7567,test
7568,train
7569,test
7570,test
7571,train
7572,train
7573,train
7574,train
7575,train
7576,test
7577,train
7578,train
7579,test
7580,train
7581,train
7582,train
7583,train
7584,train
7585,train
7586,test
7587,train
7588,test
7589,test
7590,train
7591,train
7592,train
7593,train
7594,train
7595,train
7596,train
7597,train
7598,train
7599,train
7600,train
7601,test
7602,train
7603,test
7604,train
7605,test
7606,train
7607,train
7608,train
7609,train
7610,test
7611,train
7612,train
7613,train
7614,test
7615,train
7616,train
7617,train
7618,train
7619,test
7620,test
7621,train
7622,train
7623,train
7624,train
7625,train
7626,train
7627,train
7628,train
7629,train
7630,train
7631,test
7632,train
7633,train
7634,train
7635,train
7636,train
7637,train
7638,train
7639,train
7640,train
7641,train
7642,train
7643,train
7644,train
7645,train
7646,train
7647,train
7648,train
7649,test
7650,train
7651,train
7652,train
7653,train
7654,test
7655,train
7656,train
7657,train
7658,train
7659,train
7660,train
7661,train
7662,train
7663,train
7664,train
7665,test
7666,train
7667,train
7668,test
7669,train
7670,test
7671,test
7672,train
7673,train
7674,train
7675,train
7676,train
7677,train
7678,test
7679,train
7680,train
7681,train
7682,train
7683,train
7684,train
7685,test
7686,train
7687,train
7688,train
7689,train
7690,train
7691,train
7692,train
7693,train
7694,train
7695,train
7696,train
7697,train
7698,train
7699,train
7700,train
7701,train
7702,train
7703,train
7704,train
7705,test
7706,test
7707,train
7708,train
7709,train
7710,train
7711,train
7712,train
7713,train
7714,train
7715,test
7716,test
7717,train
7718,train
7719,train
7720,train
7721,train
7722,train
7723,train
7724,train
7725,train
7726,train
7727,train
7728,train
7729,train
7730,train
7731,train
7732,train
7733,train
7734,train
7735,train
7736,train
7737,train
7738,train
7739,train
7740,train
7741,train
7742,train
7743,train
7744,train
7745,train
7746,train
7747,test
7748,train
7749,train
7750,train
7751,train
7752,train
7753,train
7754,train
7755,train
7756,train
7757,train
7758,train
7759,test
7760,train
7761,train
7762,train
7763,train
7764,train
7765,train
7766,train
7767,train
7768,train
7769,train
7770,train
7771,train
7772,train
7773,train
7774,train
7775,train
7776,train
7777,train
7778,test
7779,train
7780,train
7781,test
7782,train
7783,train
7784,train
7785,train
7786,train
7787,train
7788,train
7789,train
7790,train
7791,test
7792,train
7793,train
7794,train
7795,test
7796,train
7797,train
7798,train
7799,test
7800,test
7801,train
7802,train
7803,train
7804,train
7805,train
7806,test
7807,train
7808,test
7809,train
7810,train
7811,train
7812,train
7813,train
7814,train
7815,train
7816,train
7817,train
7818,train
7819,train
7820,train
7821,train
7822,train
7823,train
7824,train
7825,train
7826,train
7827,train
7828,train
7829,train
7830,train
7831,train
7832,train
7833,train
7834,train
7835,train
7836,train
7837,train
7838,train
7839,train
7840,test
7841,train
7842,test
7843,test
7844,train
7845,train
7846,test
7847,train
7848,train
7849,train
7850,train
7851,train
7852,train
7853,train
7854,train
7855,train
7856,train
7857,train
7858,train
7859,test
7860,train
7861,train
7862,train
7863,train
7864,train
7865,train
7866,train
7867,train
7868,train
7869,train
7870,train
7871,train
7872,train
7873,train
7874,train
7875,train
7876,train
7877,train
7878,train
7879,train
7880,test
7881,train
7882,train
7883,train
7884,train
7885,train
7886,test
7887,train
7888,test
7889,train
7890,train
7891,train
7892,train
7893,train
7894,train
7895,train
7896,train
7897,train
7898,train
7899,train
7900,train
7901,train
7902,train
7903,train
7904,train
7905,train
7906,train
7907,test
7908,train
7909,train
7910,train
7911,train
7912,train
7913,train
7914,train
7915,train
7916,train
7917,train
7918,test
7919,test
7920,train
7921,train
7922,train
7923,train
7924,train
7925,train
7926,test
7927,train
7928,test
7929,train
7930,train
7931,train
7932,train
7933,test
7934,train
7935,train
7936,train
7937,train
7938,train
7939,train
7940,train
7941,train
7942,train
7943,train
7944,train
7945,train
7946,train
7947,train
7948,test
7949,train
7950,train
7951,test
7952,train
7953,train
7954,train
7955,train
7956,train
7957,test
7958,train
7959,train
7960,train
7961,test
7962,train
7963,train
7964,test
7965,train
7966,train
7967,train
7968,test
7969,train
7970,train
7971,train
7972,test
7973,train
7974,train
7975,train
7976,test
7977,train
7978,train
7979,train
7980,train
7981,train
7982,train
7983,train
7984,train
7985,test
7986,train
7987,test
7988,train
7989,train
7990,train
7991,test
7992,train
7993,test
7994,train
7995,train
7996,train
7997,train
7998,test
7999,test
8000,train
8001,train
8002,train
8003,train
8004,test
8005,train
8006,train
8007,train
8008,train
8009,train
8010,train
8011,train
8012,train
8013,train
8014,test
8015,test
8016,train
8017,test
8018,train
8019,train
8020,train
8021,train
8022,train
8023,train
8024,train
8025,train
8026,train
8027,train
8028,test
8029,train
8030,train
8031,train
8032,train
8033,test
8034,train
8035,train
8036,train
8037,train
8038,train
8039,test
8040,test
8041,train
8042,train
8043,train
8044,train
8045,train
8046,train
8047,train
8048,train
8049,train
8050,test
8051,test
8052,train
8053,train
8054,test
8055,train
8056,train
8057,train
8058,train
8059,train
8060,train
8061,test
8062,train
8063,train
8064,train
8065,train
8066,train
8067,train
8068,train
8069,train
8070,train
8071,train
8072,train
8073,train
8074,train
8075,train
8076,test
8077,test
8078,train
8079,train
8080,train
8081,train
8082,test
8083,train
8084,train
8085,train
8086,train
8087,train
8088,train
8089,train
8090,train
8091,train
8092,train
8093,train
8094,train
8095,train
8096,train
8097,train
8098,train
8099,train
8100,train
8101,test
8102,train
8103,train
8104,train
8105,train
8106,train
8107,test
8108,train
8109,train
8110,test
8111,train
8112,test
8113,train
8114,train
8115,test
8116,train
8117,test
8118,train
8119,train
8120,train
8121,train
8122,train
8123,test
8124,train
8125,train
8126,train
8127,train
8128,train
8129,train
8130,train
8131,train
8132,train
8133,test
8134,train
8135,train
8136,train
8137,train
8138,train
8139,train
8140,train
8141,train
8142,train
8143,test
8144,train
8145,train
8146,train
8147,train
8148,test
8149,train
8150,train
8151,train
8152,train
8153,train
8154,train
8155,test
8156,train
8157,train
8158,train
8159,train
8160,train
8161,train
8162,train
8163,train
8164,train
8165,train
8166,train
8167,train
8168,train
8169,train
8170,train
8171,train
8172,train
8173,test
8174,train
8175,train
8176,train
8177,test
8178,test
8179,train
8180,train
8181,train
8182,train
8183,train
8184,train
8185,train
8186,train
8187,train
8188,train
8189,train
8190,train
8191,train
8192,train
8193,train
8194,train
8195,train
8196,train
8197,train
8198,train
8199,train
8200,test
8201,train
8202,train
8203,train
8204,train
8205,train
8206,train
8207,train
8208,train
8209,test
8210,train
8211,train
8212,train
8213,train
8214,train
8215,train
8216,train
8217,test
8218,test
8219,train
8220,train
8221,train
8222,train
8223,train
8224,train
8225,test
8226,train
8227,train
8228,train
8229,test
8230,test
8231,train
8232,train
8233,train
8234,train
8235,train
8236,train
8237,train
8238,test
8239,train
8240,test
8241,train
8242,test
8243,train
8244,train
8245,train
8246,test
8247,train
8248,train
8249,train
8250,train
8251,train
8252,train
8253,train
8254,train
8255,test
8256,train
8257,train
8258,train
8259,train
8260,train
8261,train
8262,train
8263,train
8264,train
8265,train
8266,train
8267,train
8268,train
8269,train
8270,train
8271,train
8272,train
8273,test
8274,train
8275,test
8276,train
8277,train
8278,train
8279,train
8280,train
8281,train
8282,train
8283,test
8284,train
8285,train
8286,test
8287,train
8288,train
8289,train
8290,train
8291,test
8292,train
8293,train
8294,train
8295,test
8296,train
8297,train
8298,train
8299,train
8300,train
8301,train
8302,train
8303,train
8304,train
8305,test
8306,train
8307,train
8308,test
8309,test
8310,train
8311,train
8312,train
8313,train
8314,train
8315,train
8316,train
8317,train
8318,train
8319,train
8320,train
8321,test
8322,train
8323,train
8324,test
8325,train
8326,train
8327,train
8328,train
8329,train
8330,train
8331,train
8332,train
8333,train
8334,test
8335,train
8336,train
8337,train
8338,train
8339,train
8340,train
8341,train
8342,train
8343,train
8344,train
8345,test
8346,train
8347,train
8348,train
8349,train
8350,train
8351,train
8352,train
8353,train
8354,train
8355,train
8356,train
8357,train
8358,test
8359,train
8360,train
8361,train
8362,train
8363,test
8364,train
8365,train
8366,train
8367,train
8368,train
8369,train
8370,test
8371,train
8372,test
8373,train
8374,train
8375,train
8376,train
8377,test
8378,train
8379,train
8380,train
8381,train
8382,train
8383,train
8384,train
8385,train
8386,train
8387,train
8388,train
8389,train
8390,test
8391,train
8392,train
8393,train
8394,train
8395,train
8396,train
8397,test
8398,train
8399,train
8400,train
8401,train
8402,train
8403,train
8404,train
8405,train
8406,train
8407,train
8408,train
8409,train
8410,train
8411,train
8412,train
8413,train
8414,train
8415,train
8416,train
8417,train
8418,train
8419,train
8420,train
8421,train
8422,train
8423,train
8424,train
8425,test
8426,train
8427,train
8428,train
8429,train
8430,train
8431,train
8432,test
8433,train
8434,train
8435,train
8436,train
8437,train
8438,train
8439,test
8440,test
8441,train
8442,train
8443,train
8444,train
8445,train
8446,train
8447,train
8448,train
8449,test
8450,test
8451,train
8452,test
8453,train
8454,train
8455,train
8456,train
8457,train
8458,train
8459,train
8460,train
8461,train
8462,train
8463,train
8464,train
8465,test
8466,train
8467,train
8468,train
8469,test
8470,train
8471,train
8472,train
8473,train
8474,train
8475,train
8476,test
8477,train
8478,train
8479,train
8480,train
8481,train
8482,train
8483,train
8484,train
8485,train
8486,train
8487,train
8488,train
8489,test
8490,test
8491,test
8492,train
8493,train
8494,test
8495,train
8496,train
8497,train
8498,train
8499,test
8500,train
8501,train
8502,test
8503,train
8504,train
8505,train
8506,train
8507,train
8508,train
8509,train
8510,train
8511,train
8512,test
8513,train
8514,train
8515,test
8516,train
8517,train
8518,train
8519,train
8520,train
8521,test
8522,train
8523,test
8524,test
8525,train
8526,test
8527,train
8528,train
8529,train
8530,train
8531,train
8532,train
8533,train
8534,test
8535,train
8536,train
8537,train
8538,train
8539,train
8540,train
8541,train
8542,test
8543,train
8544,train
8545,test
8546,train
8547,test
8548,test
8549,test
8550,train
8551,train
8552,train
8553,train
8554,train
8555,test
8556,train
8557,train
8558,train
8559,train
8560,train
8561,train
8562,test
8563,train
8564,train
8565,train
8566,test
8567,train
8568,test
8569,test
8570,train
8571,train
8572,test
8573,train
8574,train
8575,train
8576,test
8577,test
8578,train
8579,train
8580,train
8581,train
8582,train
8583,train
8584,test
8585,test
8586,test
8587,train
8588,train
8589,train
8590,train
8591,train
8592,train
8593,train
8594,test
8595,train
8596,test
8597,test
8598,test
8599,test
8600,test
8601,test
8602,train
8603,train
8604,test
8605,train
8606,train
8607,train
8608,test
8609,train
8610,train
8611,train
8612,train
8613,train
8614,train
8615,train
8616,test
8617,train
8618,train
8619,train
8620,train
8621,train
8622,train
8623,train
8624,test
8625,train
8626,train
8627,train
8628,train
8629,train
8630,train
8631,train
8632,test
8633,train
8634,test
8635,train
8636,test
8637,train
8638,test
8639,train
8640,train
8641,train
8642,train
8643,train
8644,train
8645,train
8646,test
8647,test
8648,train
8649,test
8650,train
8651,train
8652,train
8653,train
8654,train
8655,train
8656,train
8657,test
8658,test
8659,train
8660,train
8661,train
8662,train
8663,train
8664,train
8665,test
8666,train
8667,train
8668,test
8669,train
8670,test
8671,train
8672,train
8673,train
8674,train
8675,train
8676,train
8677,train
8678,test
8679,train
8680,train
8681,train
8682,train
8683,train
8684,train
8685,train
8686,test
8687,train
8688,test
8689,train
8690,test
8691,test
8692,train
8693,train
8694,train
8695,train
8696,train
8697,test
8698,test
8699,train
8700,train
8701,train
8702,train
8703,train
8704,train
8705,train
8706,train
8707,test
8708,test
8709,train
8710,train
8711,train
8712,test
8713,train
8714,train
8715,train
8716,train
8717,train
8718,train
8719,train
8720,train
8721,train
8722,train
8723,test
8724,train
8725,test
8726,test
8727,train
8728,test
8729,train
8730,train
8731,train
8732,train
8733,train
8734,train
8735,test
8736,train
8737,train
8738,train
8739,train
8740,train
8741,train
8742,train
8743,train
8744,test
8745,train
8746,train
8747,train
8748,train
8749,test
8750,train
8751,train
8752,train
8753,train
8754,train
8755,train
8756,train
8757,test
8758,train
8759,train
8760,train
8761,train
8762,train
8763,test
8764,train
8765,train
8766,train
8767,train
8768,train
8769,train
8770,test
8771,train
8772,test
8773,train
8774,train
8775,train
8776,train
8777,test
8778,train
8779,train
8780,train
8781,train
8782,train
8783,train
8784,train
8785,train
8786,test
8787,train
8788,train
8789,train
8790,test
8791,train
8792,train
8793,train
8794,train
8795,train
8796,train
8797,test
8798,test
8799,train
8800,test
8801,train
8802,train
8803,train
8804,train
8805,train
8806,test
8807,train
8808,train
8809,test
8810,train
8811,test
8812,train
8813,test
8814,train
8815,test
8816,train
8817,train
8818,train
8819,train
8820,train
8821,test
8822,train
8823,train
8824,train
8825,train
8826,train
8827,train
8828,train
8829,train
8830,train
8831,train
8832,train
8833,test
8834,train
8835,test
8836,train
8837,train
8838,train
8839,train
8840,train
8841,test
8842,train
8843,train
8844,train
8845,train
8846,train
8847,train
8848,train
8849,train
8850,test
8851,train
8852,train
8853,train
8854,test
8855,test
8856,train
8857,train
8858,train
8859,test
8860,train
8861,train
8862,train
8863,train
8864,test
8865,test
8866,train
8867,train
8868,train
8869,train
8870,train
8871,train
8872,train
8873,train
8874,train
8875,test
8876,train
8877,train
8878,train
8879,train
8880,test
8881,train
8882,train
8883,train
8884,test
8885,test
8886,train
8887,test
8888,train
8889,train
8890,train
8891,train
8892,train
8893,train
8894,train
8895,test
8896,train
8897,train
8898,train
8899,test
8900,train
8901,train
8902,train
8903,train
8904,train
8905,train
8906,test
8907,train
8908,train
8909,train
8910,test
8911,train
8912,train
8913,train
8914,train
8915,train
8916,test
8917,train
8918,train
8919,train
8920,train
8921,train
8922,train
8923,train
8924,train
8925,train
8926,test
8927,train
8928,train
8929,test
8930,test
8931,test
8932,train
8933,train
8934,train
8935,train
8936,test
8937,train
8938,train
8939,train
8940,test
8941,train
8942,train
8943,train
8944,train
8945,train
8946,train
8947,train
8948,train
8949,train
8950,train
8951,train
8952,train
8953,train
8954,train
8955,train
8956,train
8957,train
8958,train
8959,train
8960,train
8961,test
8962,train
8963,train
8964,train
8965,train
8966,train
8967,train
8968,test
8969,test
8970,train
8971,train
8972,train
8973,train
8974,train
8975,train
8976,train
8977,train
8978,train
8979,train
8980,train
8981,train
8982,train
8983,test
8984,train
8985,train
8986,test
8987,train
8988,train
8989,train
8990,test
8991,train
8992,test
8993,test
8994,train
8995,train
8996,train
8997,train
8998,test
8999,train
9000,train
9001,train
9002,train
9003,train
9004,train
9005,train
9006,train
9007,test
9008,test
9009,test
9010,train
9011,train
9012,train
9013,train
9014,train
9015,train
9016,train
9017,train
9018,train
9019,test
9020,test
9021,train
9022,train
9023,test
9024,train
9025,train
9026,train
9027,train
9028,test
9029,train
9030,train
9031,train
9032,train
9033,train
9034,train
9035,train
9036,test
9037,train
9038,train
9039,train
9040,train
9041,train
9042,train
9043,train
9044,train
9045,test
9046,train
9047,train
9048,train
9049,train
9050,train
9051,train
9052,train
9053,test
9054,train
9055,test
9056,train
9057,train
9058,test
9059,train
9060,test
9061,train
9062,train
9063,train
9064,test
9065,train
9066,train
9067,train
9068,train
9069,train
9070,train
9071,train
9072,train
9073,test
9074,train
9075,test
9076,test
9077,train
9078,train
9079,test
9080,train
9081,train
9082,train
9083,train
9084,train
9085,train
9086,test
9087,train
9088,train
9089,train
9090,train
9091,test
9092,test
9093,test
9094,train
9095,train
9096,test
9097,train
9098,train
9099,train
9100,test
9101,train
9102,train
9103,train
9104,test
9105,train
9106,test
9107,train
9108,train
9109,train
9110,test
9111,train
9112,train
9113,test
9114,train
9115,train
9116,train
9117,train
9118,train
9119,test
9120,train
9121,train
9122,train
9123,train
9124,train
9125,test
9126,train
9127,train
9128,test
9129,train
9130,train
9131,test
9132,train
9133,test
9134,test
9135,test
9136,train
9137,train
9138,train
9139,train
9140,test
9141,train
9142,train
9143,train
9144,train
9145,train
9146,train
9147,train
9148,test
9149,train
9150,train
9151,train
9152,test
9153,test
9154,train
9155,train
9156,train
9157,train
9158,train
9159,train
9160,train
9161,train
9162,train
9163,train
9164,test
9165,train
9166,train
9167,train
9168,train
9169,train
9170,test
9171,train
9172,train
9173,train
9174,train
9175,train
9176,train
9177,train
9178,test
9179,train
9180,train
9181,train
9182,test
9183,train
9184,train
9185,train
9186,train
9187,test
9188,test
9189,train
9190,train
9191,test
9192,test
9193,train
9194,train
9195,train
9196,train
9197,train
9198,test
9199,train
9200,test
9201,train
9202,train
9203,train
9204,train
9205,train
9206,train
9207,train
9208,train
9209,train
9210,train
9211,test
9212,train
9213,train
9214,train
9215,train
9216,train
9217,train
9218,train
9219,train
9220,train
9221,train
9222,train
9223,test
9224,train
9225,test
9226,train
9227,train
9228,test
9229,train
9230,train
9231,train
9232,train
9233,test
9234,train
9235,train
9236,test
9237,test
9238,train
9239,train
9240,train
9241,train
9242,train
9243,train
9244,train
9245,train
9246,test
9247,test
9248,train
9249,train
9250,train
9251,test
9252,train
9253,test
9254,test
9255,test
9256,train
9257,test
9258,train
9259,train
9260,train
9261,train
9262,train
9263,train
9264,train
9265,train
9266,test
9267,train
9268,train
9269,test
9270,train
9271,train
9272,test
9273,test
9274,train
9275,test
9276,train
9277,test
9278,test
9279,train
9280,test
9281,train
9282,train
9283,train
9284,train
9285,train
9286,test
9287,train
9288,train
9289,train
9290,train
9291,train
9292,train
9293,train
9294,test
9295,train
9296,train
9297,train
9298,test
9299,test
9300,train
9301,test
9302,train
9303,train
9304,train
9305,train
9306,train
9307,train
9308,train
9309,train
9310,train
9311,train
9312,train
9313,train
9314,test
9315,train
9316,train
9317,train
9318,train
9319,train
9320,train
9321,train
9322,train
9323,train
9324,train
9325,test
9326,test
9327,test
9328,train
9329,train
9330,train
9331,train
9332,train
9333,train
9334,train
9335,train
9336,test
9337,train
9338,train
9339,train
9340,train
9341,test
9342,train
9343,test
9344,train
9345,train
9346,train
9347,test
9348,train
9349,train
9350,train
9351,train
9352,train
9353,train
9354,train
9355,train
9356,train
9357,train
9358,train
9359,test
9360,train
9361,test
9362,test
9363,test
9364,test
9365,test
9366,train
9367,train
9368,test
9369,train
9370,train
9371,train
9372,train
9373,train
9374,train
9375,test
9376,train
9377,train
9378,test
9379,train
9380,test
9381,train
9382,test
9383,train
9384,train
9385,test
9386,train
9387,train
9388,test
9389,train
9390,train
9391,train
9392,train
9393,train
9394,train
9395,train
9396,train
9397,train
9398,test
9399,test
9400,train
9401,test
9402,train
9403,train
9404,test
9405,train
9406,test
9407,train
9408,train
9409,train
9410,train
9411,train
9412,train
9413,train
9414,train
9415,train
9416,train
9417,train
9418,train
9419,train
9420,train
9421,test
9422,test
9423,train
9424,train
9425,train
9426,test
9427,test
9428,train
9429,train
9430,train
9431,train
9432,train
9433,test
9434,train
9435,train
9436,train
9437,train
9438,train
9439,test
9440,test
9441,train
9442,train
9443,train
9444,test
9445,train
9446,train
9447,test
9448,train
9449,train
9450,train
9451,train
9452,train
9453,train
9454,train
9455,train
9456,train
9457,train
9458,train
9459,train
9460,test
9461,train
9462,train
9463,train
9464,train
9465,train
9466,train
9467,train
9468,train
9469,train
9470,test
9471,train
9472,train
9473,train
9474,train
9475,train
9476,train
9477,test
9478,train
9479,train
9480,train
9481,train
9482,train
9483,test
9484,train
9485,train
9486,train
9487,train
9488,train
9489,train
9490,train
9491,train
9492,train
9493,train
9494,train
9495,test
9496,train
9497,train
9498,train
9499,train
9500,train
9501,train
9502,test
9503,train
9504,train
9505,train
9506,train
9507,test
9508,train
9509,train
9510,train
9511,train
9512,train
9513,test
9514,train
9515,train
9516,train
9517,train
9518,train
9519,train
9520,train
9521,test
9522,train
9523,train
9524,test
9525,train
9526,train
9527,train
9528,test
9529,train
9530,train
9531,test
9532,train
9533,test
9534,train
9535,train
9536,train
9537,train
9538,train
9539,test
9540,train
9541,train
9542,train
9543,train
9544,train
9545,train
9546,train
9547,test
9548,train
9549,train
9550,train
9551,train
9552,test
9553,test
9554,train
9555,train
9556,train
9557,train
9558,train
9559,train
9560,train
9561,test
9562,train
9563,train
9564,train
9565,train
9566,test
9567,train
9568,train
9569,train
9570,train
9571,train
9572,train
9573,train
9574,train
9575,train
9576,train
9577,train
9578,train
9579,train
9580,train
9581,train
9582,train
9583,train
9584,train
9585,train
9586,train
9587,train
9588,train
9589,test
9590,train
9591,train
9592,train
9593,test
9594,test
9595,train
9596,train
9597,train
9598,train
9599,train
9600,test
9601,train
9602,test
9603,test
9604,test
9605,test
9606,train
9607,train
9608,test
9609,train
9610,train
9611,train
9612,train
9613,train
9614,train
9615,train
9616,test
9617,train
9618,train
9619,train
9620,train
9621,train
9622,train
9623,test
9624,test
9625,train
9626,train
9627,test
9628,train
9629,train
9630,train
9631,train
9632,test
9633,train
9634,train
9635,train
9636,test
9637,train
9638,train
9639,train
9640,test
9641,train
9642,train
9643,train
9644,train
9645,train
9646,train
9647,test
9648,train
9649,train
9650,train
9651,train
9652,train
9653,train
9654,train
9655,test
9656,train
9657,train
9658,train
9659,train
9660,test
9661,train
9662,train
9663,train
9664,test
9665,train
9666,train
9667,train
9668,test
9669,train
9670,train
9671,train
9672,train
9673,test
9674,train
9675,train
9676,test
9677,test
9678,train
9679,train
9680,train
9681,train
9682,test
9683,train
9684,train
9685,train
9686,test
9687,train
9688,train
9689,train
9690,train
9691,train
9692,test
9693,test
9694,train
9695,train
9696,train
9697,test
9698,train
9699,test
9700,train
9701,train
9702,train
9703,train
9704,test
9705,train
9706,train
9707,train
9708,train
9709,train
9710,test
9711,train
9712,test
9713,train
9714,train
9715,train
9716,train
9717,train
9718,train
9719,train
9720,train
9721,train
9722,train
9723,train
9724,train
9725,train
9726,train
9727,train
9728,train
9729,train
9730,train
9731,train
9732,train
9733,train
9734,test
9735,train
9736,train
9737,train
9738,test
9739,train
9740,train
9741,train
9742,train
9743,train
9744,test
9745,test
9746,train
9747,train
9748,train
9749,train
9750,train
9751,train
9752,test
9753,train
9754,train
9755,train
9756,train
9757,train
9758,train
9759,train
9760,train
9761,train
9762,train
9763,train
9764,test
9765,train
9766,train
9767,train
9768,train
9769,train
9770,train
9771,train
9772,test
9773,train
9774,test
9775,train
9776,train
9777,train
9778,test
9779,train
9780,test
9781,train
9782,train
9783,test
9784,train
9785,train
9786,test
9787,test
9788,train
9789,test
9790,train
9791,train
9792,train
9793,train
9794,test
9795,train
9796,train
9797,train
9798,train
9799,train
9800,train
9801,train
9802,train
9803,train
9804,train
9805,train
9806,train
9807,train
9808,train
9809,train
9810,train
9811,test
9812,train
9813,train
9814,test
9815,train
9816,train
9817,train
9818,train
9819,train
9820,test
9821,train
9822,test
9823,test
9824,train
9825,train
9826,train
9827,train
9828,train
9829,train
9830,train
9831,train
9832,train
9833,train
9834,train
9835,train
9836,train
9837,test
9838,test
9839,train
9840,train
9841,test
9842,train
9843,train
9844,train
9845,train
9846,train
9847,train
9848,train
9849,train
9850,train
9851,train
9852,train
9853,train
9854,train
9855,train
9856,train
9857,train
9858,train
9859,train
9860,train
9861,train
9862,train
9863,train
9864,train
9865,train
9866,test
9867,train
9868,train
9869,train
9870,train
9871,test
9872,train
9873,train
9874,test
9875,test
9876,train
9877,train
9878,train
9879,train
9880,test
9881,train
9882,train
9883,test
9884,test
9885,train
9886,train
9887,train
9888,test
9889,train
9890,train
9891,train
9892,train
9893,test
9894,train
9895,train
9896,train
9897,train
9898,test
9899,train
9900,train
9901,train
9902,train
9903,train
9904,train
9905,train
9906,train
9907,train
9908,train
9909,train
9910,train
9911,train
9912,train
9913,train
9914,train
9915,train
9916,train
9917,test
9918,test
9919,train
9920,train
9921,train
9922,train
9923,train
9924,train
9925,train
9926,train
9927,test
9928,train
9929,train
9930,train
9931,train
9932,test
9933,train
9934,train
9935,train
9936,test
9937,train
9938,train
9939,test
9940,train
9941,train
9942,train
9943,train
9944,train
9945,train
9946,train
9947,train
9948,test
9949,test
9950,train
9951,train
9952,train
9953,train
9954,test
9955,train
9956,test
9957,train
9958,train
9959,train
9960,train
9961,train
9962,train
9963,train
9964,train
9965,train
9966,test
9967,train
9968,test
9969,train
9970,train
9971,test
9972,train
9973,train
9974,train
9975,train
9976,train
9977,train
9978,train
9979,test
9980,train
9981,train
9982,train
9983,train
9984,test
9985,train
9986,test
9987,test
9988,train
9989,test
9990,train
9991,train
9992,train
9993,test
9994,train
9995,train
9996,train
9997,train
9998,train
9999,train
10000,train
